{
"meta":{"test_sets":[],"test_metrics":[],"learn_metrics":[{"best_value":"Min","name":"Logloss"}],"launch_mode":"Train","parameters":"","iteration_count":1000,"learn_sets":["learn"],"name":"experiment"},
"iterations":[
{"learn":[0.6827689636],"iteration":0,"passed_time":0.05617830305,"remaining_time":56.12212475},
{"learn":[0.6730679492],"iteration":1,"passed_time":0.1588192598,"remaining_time":79.25081063},
{"learn":[0.664197775],"iteration":2,"passed_time":0.2374275918,"remaining_time":78.905103},
{"learn":[0.6549252569],"iteration":3,"passed_time":0.2711949145,"remaining_time":67.52753372},
{"learn":[0.645131091],"iteration":4,"passed_time":0.2955535521,"remaining_time":58.81515686},
{"learn":[0.6366534177],"iteration":5,"passed_time":0.3109885562,"remaining_time":51.52043748},
{"learn":[0.6279355342],"iteration":6,"passed_time":0.3478908352,"remaining_time":49.35079991},
{"learn":[0.6180571121],"iteration":7,"passed_time":0.3721810813,"remaining_time":46.15045408},
{"learn":[0.6103482302],"iteration":8,"passed_time":0.4220808286,"remaining_time":46.47578902},
{"learn":[0.6005109334],"iteration":9,"passed_time":0.4512815836,"remaining_time":44.67687678},
{"learn":[0.5916750387],"iteration":10,"passed_time":0.4912895552,"remaining_time":44.17139728},
{"learn":[0.5834062042],"iteration":11,"passed_time":0.5006602775,"remaining_time":41.22102952},
{"learn":[0.5754114585],"iteration":12,"passed_time":0.5145059163,"remaining_time":39.06287226},
{"learn":[0.5672125026],"iteration":13,"passed_time":0.5372209506,"remaining_time":37.83570409},
{"learn":[0.5594238338],"iteration":14,"passed_time":0.5756395264,"remaining_time":37.8003289},
{"learn":[0.5507948555],"iteration":15,"passed_time":0.613701051,"remaining_time":37.74261463},
{"learn":[0.5423900521],"iteration":16,"passed_time":0.63988628,"remaining_time":37.00048313},
{"learn":[0.5348398609],"iteration":17,"passed_time":0.6619732352,"remaining_time":36.11431761},
{"learn":[0.5279695144],"iteration":18,"passed_time":0.6993056569,"remaining_time":36.10625523},
{"learn":[0.5216634134],"iteration":19,"passed_time":0.7299352041,"remaining_time":35.766825},
{"learn":[0.5135288781],"iteration":20,"passed_time":0.7385120828,"remaining_time":34.42872996},
{"learn":[0.5064179799],"iteration":21,"passed_time":0.7544866474,"remaining_time":33.54036096},
{"learn":[0.499830417],"iteration":22,"passed_time":0.791097241,"remaining_time":33.60443498},
{"learn":[0.4941387078],"iteration":23,"passed_time":0.8042470976,"remaining_time":32.70604864},
{"learn":[0.4867215405],"iteration":24,"passed_time":0.8166876225,"remaining_time":31.85081728},
{"learn":[0.4796733407],"iteration":25,"passed_time":0.8306358163,"remaining_time":31.11689558},
{"learn":[0.4731424388],"iteration":26,"passed_time":0.8451512973,"remaining_time":30.4567486},
{"learn":[0.4671946559],"iteration":27,"passed_time":0.8603630964,"remaining_time":29.86689035},
{"learn":[0.4609269764],"iteration":28,"passed_time":0.8746703036,"remaining_time":29.28637465},
{"learn":[0.4553654813],"iteration":29,"passed_time":0.8893012375,"remaining_time":28.75407335},
{"learn":[0.4493249584],"iteration":30,"passed_time":0.9049861593,"remaining_time":28.28811575},
{"learn":[0.4432587018],"iteration":31,"passed_time":0.9207033989,"remaining_time":27.85127782},
{"learn":[0.4374953052],"iteration":32,"passed_time":0.9371303471,"remaining_time":27.46075896},
{"learn":[0.4312203522],"iteration":33,"passed_time":0.950512264,"remaining_time":27.00573079},
{"learn":[0.4261870936],"iteration":34,"passed_time":0.9956239166,"remaining_time":27.4507737},
{"learn":[0.4209923728],"iteration":35,"passed_time":1.066386097,"remaining_time":28.55544993},
{"learn":[0.4149871637],"iteration":36,"passed_time":1.106600102,"remaining_time":28.80151075},
{"learn":[0.410299636],"iteration":37,"passed_time":1.155912436,"remaining_time":29.26283589},
{"learn":[0.4040258693],"iteration":38,"passed_time":1.208749543,"remaining_time":29.78482849},
{"learn":[0.3989355853],"iteration":39,"passed_time":1.243739004,"remaining_time":29.84973609},
{"learn":[0.3935711975],"iteration":40,"passed_time":1.308660414,"remaining_time":30.60988627},
{"learn":[0.389565455],"iteration":41,"passed_time":1.344480748,"remaining_time":30.66696564},
{"learn":[0.3842879843],"iteration":42,"passed_time":1.373667975,"remaining_time":30.57209888},
{"learn":[0.3801196643],"iteration":43,"passed_time":1.421968676,"remaining_time":30.89550122},
{"learn":[0.3750058232],"iteration":44,"passed_time":1.479263042,"remaining_time":31.39324899},
{"learn":[0.3693716931],"iteration":45,"passed_time":1.518528144,"remaining_time":31.49295324},
{"learn":[0.3647182532],"iteration":46,"passed_time":1.539032654,"remaining_time":31.20634297},
{"learn":[0.3598286962],"iteration":47,"passed_time":1.54866678,"remaining_time":30.71522448},
{"learn":[0.3557285109],"iteration":48,"passed_time":1.558853161,"remaining_time":30.25447666},
{"learn":[0.3522235412],"iteration":49,"passed_time":1.566626284,"remaining_time":29.7658994},
{"learn":[0.3473051759],"iteration":50,"passed_time":1.576044728,"remaining_time":29.32679307},
{"learn":[0.3427499318],"iteration":51,"passed_time":1.585501658,"remaining_time":28.90491485},
{"learn":[0.3387065395],"iteration":52,"passed_time":1.595215396,"remaining_time":28.5031883},
{"learn":[0.3348610571],"iteration":53,"passed_time":1.604610838,"remaining_time":28.11040469},
{"learn":[0.3308563762],"iteration":54,"passed_time":1.61438984,"remaining_time":27.73815271},
{"learn":[0.3274865581],"iteration":55,"passed_time":1.62473072,"remaining_time":27.38831786},
{"learn":[0.3234302399],"iteration":56,"passed_time":1.638782467,"remaining_time":27.11178713},
{"learn":[0.3192633134],"iteration":57,"passed_time":1.650256877,"remaining_time":26.8024479},
{"learn":[0.315685743],"iteration":58,"passed_time":1.661859583,"remaining_time":26.50525199},
{"learn":[0.3121226775],"iteration":59,"passed_time":1.675251832,"remaining_time":26.24561203},
{"learn":[0.30858189],"iteration":60,"passed_time":1.68684986,"remaining_time":25.96642653},
{"learn":[0.3057098657],"iteration":61,"passed_time":1.699741,"remaining_time":25.71543642},
{"learn":[0.3018095386],"iteration":62,"passed_time":1.728605095,"remaining_time":25.70957102},
{"learn":[0.2992470901],"iteration":63,"passed_time":1.769502875,"remaining_time":25.87897955},
{"learn":[0.2960592324],"iteration":64,"passed_time":1.781776208,"remaining_time":25.63016545},
{"learn":[0.2923847051],"iteration":65,"passed_time":1.793590499,"remaining_time":25.38202312},
{"learn":[0.2893043031],"iteration":66,"passed_time":1.823082025,"remaining_time":25.38709745},
{"learn":[0.2865819643],"iteration":67,"passed_time":1.848361196,"remaining_time":25.3334211},
{"learn":[0.283386932],"iteration":68,"passed_time":1.879329072,"remaining_time":25.35732414},
{"learn":[0.2797668972],"iteration":69,"passed_time":1.90638888,"remaining_time":25.32773797},
{"learn":[0.2765963839],"iteration":70,"passed_time":1.975707739,"remaining_time":25.85116182},
{"learn":[0.2737971555],"iteration":71,"passed_time":2.010678468,"remaining_time":25.91541137},
{"learn":[0.2707103004],"iteration":72,"passed_time":2.03771791,"remaining_time":25.87622607},
{"learn":[0.2685500481],"iteration":73,"passed_time":2.054960923,"remaining_time":25.71478128},
{"learn":[0.2657764415],"iteration":74,"passed_time":2.09008237,"remaining_time":25.77768257},
{"learn":[0.2626420205],"iteration":75,"passed_time":2.124802807,"remaining_time":25.83312886},
{"learn":[0.2598883478],"iteration":76,"passed_time":2.143979936,"remaining_time":25.69991533},
{"learn":[0.2565453779],"iteration":77,"passed_time":2.171834025,"remaining_time":25.67219194},
{"learn":[0.2537339429],"iteration":78,"passed_time":2.222052683,"remaining_time":25.90519647},
{"learn":[0.2510390023],"iteration":79,"passed_time":2.239360912,"remaining_time":25.75265049},
{"learn":[0.2484316924],"iteration":80,"passed_time":2.310258612,"remaining_time":26.21145264},
{"learn":[0.2459800965],"iteration":81,"passed_time":2.342390222,"remaining_time":26.22334419},
{"learn":[0.2432823611],"iteration":82,"passed_time":2.357382319,"remaining_time":26.04481429},
{"learn":[0.2408435856],"iteration":83,"passed_time":2.370328282,"remaining_time":25.84786555},
{"learn":[0.2379966323],"iteration":84,"passed_time":2.395442563,"remaining_time":25.78623465},
{"learn":[0.2355655391],"iteration":85,"passed_time":2.412560494,"remaining_time":25.6404685},
{"learn":[0.2332262808],"iteration":86,"passed_time":2.465588031,"remaining_time":25.87450428},
{"learn":[0.2307612219],"iteration":87,"passed_time":2.489276864,"remaining_time":25.79796023},
{"learn":[0.2289287703],"iteration":88,"passed_time":2.508580984,"remaining_time":25.67772221},
{"learn":[0.2262594623],"iteration":89,"passed_time":2.531546387,"remaining_time":25.5967468},
{"learn":[0.2244598736],"iteration":90,"passed_time":2.561373912,"remaining_time":25.58559216},
{"learn":[0.222377175],"iteration":91,"passed_time":2.617721718,"remaining_time":25.83577522},
{"learn":[0.2206753032],"iteration":92,"passed_time":2.631863273,"remaining_time":25.66774181},
{"learn":[0.218404049],"iteration":93,"passed_time":2.685756785,"remaining_time":25.88612391},
{"learn":[0.2169476252],"iteration":94,"passed_time":2.710920502,"remaining_time":25.82508478},
{"learn":[0.2147602267],"iteration":95,"passed_time":2.752595613,"remaining_time":25.92027535},
{"learn":[0.21260553],"iteration":96,"passed_time":2.824080609,"remaining_time":26.29015247},
{"learn":[0.2104107734],"iteration":97,"passed_time":2.865103872,"remaining_time":26.37064993},
{"learn":[0.2085066852],"iteration":98,"passed_time":2.899117809,"remaining_time":26.38490046},
{"learn":[0.2064675485],"iteration":99,"passed_time":2.925809253,"remaining_time":26.33228327},
{"learn":[0.2046331088],"iteration":100,"passed_time":2.945022729,"remaining_time":26.21361815},
{"learn":[0.2027957178],"iteration":101,"passed_time":2.963744901,"remaining_time":26.09257766},
{"learn":[0.2007412413],"iteration":102,"passed_time":2.993736581,"remaining_time":26.07166712},
{"learn":[0.1993293341],"iteration":103,"passed_time":3.031325846,"remaining_time":26.11603805},
{"learn":[0.1973548568],"iteration":104,"passed_time":3.072386336,"remaining_time":26.18843591},
{"learn":[0.1959273981],"iteration":105,"passed_time":3.103229091,"remaining_time":26.17251705},
{"learn":[0.1941192511],"iteration":106,"passed_time":3.147650589,"remaining_time":26.26964464},
{"learn":[0.1923993446],"iteration":107,"passed_time":3.194427079,"remaining_time":26.38360143},
{"learn":[0.1908245512],"iteration":108,"passed_time":3.231517327,"remaining_time":26.41543063},
{"learn":[0.1889408949],"iteration":109,"passed_time":3.288021306,"remaining_time":26.60308147},
{"learn":[0.1874535095],"iteration":110,"passed_time":3.330249003,"remaining_time":26.67199427},
{"learn":[0.185911005],"iteration":111,"passed_time":3.367611822,"remaining_time":26.70035088},
{"learn":[0.1839092216],"iteration":112,"passed_time":3.397960344,"remaining_time":26.67248518},
{"learn":[0.1819397822],"iteration":113,"passed_time":3.410620928,"remaining_time":26.50710651},
{"learn":[0.1800831195],"iteration":114,"passed_time":3.439325538,"remaining_time":26.46785305},
{"learn":[0.1787145066],"iteration":115,"passed_time":3.473312704,"remaining_time":26.46903819},
{"learn":[0.1774109392],"iteration":116,"passed_time":3.492538474,"remaining_time":26.35821771},
{"learn":[0.1757187056],"iteration":117,"passed_time":3.510958107,"remaining_time":26.24292416},
{"learn":[0.1745577273],"iteration":118,"passed_time":3.523639596,"remaining_time":26.08677718},
{"learn":[0.1733046626],"iteration":119,"passed_time":3.567228322,"remaining_time":26.15967436},
{"learn":[0.1719063012],"iteration":120,"passed_time":3.584438264,"remaining_time":26.03901847},
{"learn":[0.1703898493],"iteration":121,"passed_time":3.611516532,"remaining_time":25.99107799},
{"learn":[0.1692953834],"iteration":122,"passed_time":3.647918759,"remaining_time":26.00995733},
{"learn":[0.1680801307],"iteration":123,"passed_time":3.664113281,"remaining_time":25.88518738},
{"learn":[0.1667200879],"iteration":124,"passed_time":3.709411021,"remaining_time":25.96587715},
{"learn":[0.1655166006],"iteration":125,"passed_time":3.727340855,"remaining_time":25.85472942},
{"learn":[0.164164319],"iteration":126,"passed_time":3.752147526,"remaining_time":25.79232118},
{"learn":[0.1626133952],"iteration":127,"passed_time":3.779248445,"remaining_time":25.74613003},
{"learn":[0.1614888269],"iteration":128,"passed_time":3.788730315,"remaining_time":25.58127213},
{"learn":[0.1600958771],"iteration":129,"passed_time":3.819149721,"remaining_time":25.55892506},
{"learn":[0.1590066714],"iteration":130,"passed_time":3.842934062,"remaining_time":25.49244046},
{"learn":[0.1576726594],"iteration":131,"passed_time":3.854584976,"remaining_time":25.34681636},
{"learn":[0.1562622475],"iteration":132,"passed_time":3.867113964,"remaining_time":25.20893088},
{"learn":[0.1553318959],"iteration":133,"passed_time":3.90435854,"remaining_time":25.23264549},
{"learn":[0.1544600146],"iteration":134,"passed_time":3.921937491,"remaining_time":25.12945133},
{"learn":[0.1534362651],"iteration":135,"passed_time":3.947580921,"remaining_time":25.07874938},
{"learn":[0.1522576973],"iteration":136,"passed_time":3.979232732,"remaining_time":25.06626166},
{"learn":[0.1507805089],"iteration":137,"passed_time":4.013476324,"remaining_time":25.06968544},
{"learn":[0.1497369595],"iteration":138,"passed_time":4.034561108,"remaining_time":24.99105838},
{"learn":[0.1486950728],"iteration":139,"passed_time":4.081592818,"remaining_time":25.0726416},
{"learn":[0.1473555584],"iteration":140,"passed_time":4.118106596,"remaining_time":25.08832316},
{"learn":[0.1460601506],"iteration":141,"passed_time":4.148585664,"remaining_time":25.06680633},
{"learn":[0.1450501637],"iteration":142,"passed_time":4.165824134,"remaining_time":24.96581317},
{"learn":[0.1440285939],"iteration":143,"passed_time":4.200129056,"remaining_time":24.96743383},
{"learn":[0.1425490921],"iteration":144,"passed_time":4.260334942,"remaining_time":25.12128535},
{"learn":[0.1412791924],"iteration":145,"passed_time":4.268761273,"remaining_time":24.96932964},
{"learn":[0.1402629179],"iteration":146,"passed_time":4.310082188,"remaining_time":25.01020481},
{"learn":[0.139151536],"iteration":147,"passed_time":4.334839643,"remaining_time":24.9546174},
{"learn":[0.1381699585],"iteration":148,"passed_time":4.357645481,"remaining_time":24.88829735},
{"learn":[0.13730851],"iteration":149,"passed_time":4.38033989,"remaining_time":24.82192604},
{"learn":[0.1363240831],"iteration":150,"passed_time":4.411912504,"remaining_time":24.8060511},
{"learn":[0.1352354592],"iteration":151,"passed_time":4.441618282,"remaining_time":24.77955462},
{"learn":[0.1343825351],"iteration":152,"passed_time":4.462820838,"remaining_time":24.70594281},
{"learn":[0.1334314974],"iteration":153,"passed_time":4.483070229,"remaining_time":24.62777542},
{"learn":[0.1324307521],"iteration":154,"passed_time":4.500906038,"remaining_time":24.53719744},
{"learn":[0.1319118433],"iteration":155,"passed_time":4.518009483,"remaining_time":24.44358977},
{"learn":[0.1305877602],"iteration":156,"passed_time":4.542321058,"remaining_time":24.3896602},
{"learn":[0.129853463],"iteration":157,"passed_time":4.564360579,"remaining_time":24.32399752},
{"learn":[0.1288750303],"iteration":158,"passed_time":4.59789193,"remaining_time":24.31966738},
{"learn":[0.1278272449],"iteration":159,"passed_time":4.624843534,"remaining_time":24.28042855},
{"learn":[0.126648521],"iteration":160,"passed_time":4.638246255,"remaining_time":24.1707367},
{"learn":[0.1259755114],"iteration":161,"passed_time":4.666974366,"remaining_time":24.14150937},
{"learn":[0.1253481087],"iteration":162,"passed_time":4.700991726,"remaining_time":24.13944831},
{"learn":[0.1243207905],"iteration":163,"passed_time":4.717696798,"remaining_time":24.04874709},
{"learn":[0.1232150414],"iteration":164,"passed_time":4.782155353,"remaining_time":24.20060436},
{"learn":[0.1225568582],"iteration":165,"passed_time":4.814905287,"remaining_time":24.19054825},
{"learn":[0.121846554],"iteration":166,"passed_time":4.849130725,"remaining_time":24.1875802},
{"learn":[0.1209176024],"iteration":167,"passed_time":4.867628881,"remaining_time":24.10635255},
{"learn":[0.1202978356],"iteration":168,"passed_time":4.883333292,"remaining_time":24.01212998},
{"learn":[0.1195049765],"iteration":169,"passed_time":4.895553737,"remaining_time":23.90182118},
{"learn":[0.1185515319],"iteration":170,"passed_time":4.908816534,"remaining_time":23.7977129},
{"learn":[0.1178720724],"iteration":171,"passed_time":4.937381496,"remaining_time":23.76832488},
{"learn":[0.117004136],"iteration":172,"passed_time":4.983948312,"remaining_time":23.82500147},
{"learn":[0.1161188002],"iteration":173,"passed_time":5.010730688,"remaining_time":23.78657212},
{"learn":[0.11537089],"iteration":174,"passed_time":5.034999453,"remaining_time":23.73642599},
{"learn":[0.1143389998],"iteration":175,"passed_time":5.05906054,"remaining_time":23.68560162},
{"learn":[0.1136733399],"iteration":176,"passed_time":5.07859824,"remaining_time":23.61404718},
{"learn":[0.11302493],"iteration":177,"passed_time":5.097865043,"remaining_time":23.54182621},
{"learn":[0.112214673],"iteration":178,"passed_time":5.104064768,"remaining_time":23.41026355},
{"learn":[0.1114341798],"iteration":179,"passed_time":5.118593279,"remaining_time":23.31803605},
{"learn":[0.1104592906],"iteration":180,"passed_time":5.138219812,"remaining_time":23.24973495},
{"learn":[0.1097193672],"iteration":181,"passed_time":5.151862706,"remaining_time":23.15507524},
{"learn":[0.1091477709],"iteration":182,"passed_time":5.174098527,"remaining_time":23.09966392},
{"learn":[0.108674203],"iteration":183,"passed_time":5.181640723,"remaining_time":22.97945016},
{"learn":[0.1080784527],"iteration":184,"passed_time":5.201215996,"remaining_time":22.91346506},
{"learn":[0.1072234317],"iteration":185,"passed_time":5.220159132,"remaining_time":22.84521254},
{"learn":[0.1065698262],"iteration":186,"passed_time":5.241727738,"remaining_time":22.78890188},
{"learn":[0.1057689313],"iteration":187,"passed_time":5.255878944,"remaining_time":22.70092395},
{"learn":[0.1052424292],"iteration":188,"passed_time":5.277544466,"remaining_time":22.64597123},
{"learn":[0.1047610255],"iteration":189,"passed_time":5.29362417,"remaining_time":22.56755567},
{"learn":[0.1040398825],"iteration":190,"passed_time":5.307758375,"remaining_time":22.48155249},
{"learn":[0.1034972691],"iteration":191,"passed_time":5.318695288,"remaining_time":22.38284267},
{"learn":[0.1026224244],"iteration":192,"passed_time":5.339662093,"remaining_time":22.32698088},
{"learn":[0.1020670599],"iteration":193,"passed_time":5.363876038,"remaining_time":22.28496952},
{"learn":[0.1014046595],"iteration":194,"passed_time":5.372332473,"remaining_time":22.17809046},
{"learn":[0.1009836596],"iteration":195,"passed_time":5.403833269,"remaining_time":22.16674463},
{"learn":[0.100430055],"iteration":196,"passed_time":5.437388745,"remaining_time":22.16356935},
{"learn":[0.09988435288],"iteration":197,"passed_time":5.452238905,"remaining_time":22.08432122},
{"learn":[0.09930437132],"iteration":198,"passed_time":5.474475518,"remaining_time":22.03545171},
{"learn":[0.09869225267],"iteration":199,"passed_time":5.502760401,"remaining_time":22.0110416},
{"learn":[0.09785945863],"iteration":200,"passed_time":5.525138693,"remaining_time":21.96311351},
{"learn":[0.0973921815],"iteration":201,"passed_time":5.570663872,"remaining_time":22.00688005},
{"learn":[0.09697663215],"iteration":202,"passed_time":5.598286207,"remaining_time":21.97947836},
{"learn":[0.09643543466],"iteration":203,"passed_time":5.627946857,"remaining_time":21.96002793},
{"learn":[0.09599268268],"iteration":204,"passed_time":5.660073344,"remaining_time":21.95004053},
{"learn":[0.0954746105],"iteration":205,"passed_time":5.673770243,"remaining_time":21.86880375},
{"learn":[0.09506316977],"iteration":206,"passed_time":5.706572517,"remaining_time":21.86141066},
{"learn":[0.09439055138],"iteration":207,"passed_time":5.757713745,"remaining_time":21.92360234},
{"learn":[0.09393000727],"iteration":208,"passed_time":5.770584775,"remaining_time":21.83986869},
{"learn":[0.09343969477],"iteration":209,"passed_time":5.789409357,"remaining_time":21.77920663},
{"learn":[0.09291014394],"iteration":210,"passed_time":5.803482134,"remaining_time":21.70117253},
{"learn":[0.0923072125],"iteration":211,"passed_time":5.818326668,"remaining_time":21.62661045},
{"learn":[0.09183555724],"iteration":212,"passed_time":5.833824818,"remaining_time":21.55502409},
{"learn":[0.09120620497],"iteration":213,"passed_time":5.849390216,"remaining_time":21.48420892},
{"learn":[0.09073889569],"iteration":214,"passed_time":5.883282619,"remaining_time":21.48082259},
{"learn":[0.09020176891],"iteration":215,"passed_time":5.909089395,"remaining_time":21.44780595},
{"learn":[0.08964644589],"iteration":216,"passed_time":5.931973426,"remaining_time":21.40430964},
{"learn":[0.08912171333],"iteration":217,"passed_time":5.946025914,"remaining_time":21.32932232},
{"learn":[0.08877881577],"iteration":218,"passed_time":5.959163378,"remaining_time":21.2516283},
{"learn":[0.08827197978],"iteration":219,"passed_time":5.971281307,"remaining_time":21.17090645},
{"learn":[0.08779801914],"iteration":220,"passed_time":5.984028128,"remaining_time":21.09302222},
{"learn":[0.08729296478],"iteration":221,"passed_time":6.011123461,"remaining_time":21.06600925},
{"learn":[0.08665275924],"iteration":222,"passed_time":6.025814962,"remaining_time":20.9957768},
{"learn":[0.08613778289],"iteration":223,"passed_time":6.069684387,"remaining_time":21.02712091},
{"learn":[0.08569414456],"iteration":224,"passed_time":6.099326501,"remaining_time":21.00879128},
{"learn":[0.08527480385],"iteration":225,"passed_time":6.11811214,"remaining_time":20.95318051},
{"learn":[0.08489996916],"iteration":226,"passed_time":6.125374982,"remaining_time":20.85865578},
{"learn":[0.08442227863],"iteration":227,"passed_time":6.164078004,"remaining_time":20.87135184},
{"learn":[0.08403173959],"iteration":228,"passed_time":6.192977199,"remaining_time":20.85059135},
{"learn":[0.08356003748],"iteration":229,"passed_time":6.223175273,"remaining_time":20.83410852},
{"learn":[0.08322272098],"iteration":230,"passed_time":6.282903065,"remaining_time":20.9158115},
{"learn":[0.08282303735],"iteration":231,"passed_time":6.310094907,"remaining_time":20.88859004},
{"learn":[0.08234068854],"iteration":232,"passed_time":6.324135176,"remaining_time":20.81807588},
{"learn":[0.08184900597],"iteration":233,"passed_time":6.332578391,"remaining_time":20.72972243},
{"learn":[0.08139429595],"iteration":234,"passed_time":6.33895566,"remaining_time":20.63532374},
{"learn":[0.08092517766],"iteration":235,"passed_time":6.345512338,"remaining_time":20.54225181},
{"learn":[0.0804595926],"iteration":236,"passed_time":6.351599804,"remaining_time":20.44839937},
{"learn":[0.08017749495],"iteration":237,"passed_time":6.358439239,"remaining_time":20.35769202},
{"learn":[0.07964123389],"iteration":238,"passed_time":6.366277733,"remaining_time":20.27086759},
{"learn":[0.07923353553],"iteration":239,"passed_time":6.372764749,"remaining_time":20.1804217},
{"learn":[0.07900929843],"iteration":240,"passed_time":6.381688792,"remaining_time":20.09834769},
{"learn":[0.07863908798],"iteration":241,"passed_time":6.388400337,"remaining_time":20.00994816},
{"learn":[0.07817650019],"iteration":242,"passed_time":6.395486786,"remaining_time":19.92338888},
{"learn":[0.07765350309],"iteration":243,"passed_time":6.40534672,"remaining_time":19.84607426},
{"learn":[0.0774345183],"iteration":244,"passed_time":6.413987793,"remaining_time":19.76555422},
{"learn":[0.07707335724],"iteration":245,"passed_time":6.421820594,"remaining_time":19.68314117},
{"learn":[0.07675024338],"iteration":246,"passed_time":6.428128514,"remaining_time":19.59668328},
{"learn":[0.07639285893],"iteration":247,"passed_time":6.434294782,"remaining_time":19.51044224},
{"learn":[0.0761305044],"iteration":248,"passed_time":6.441622019,"remaining_time":19.42834593},
{"learn":[0.07565947924],"iteration":249,"passed_time":6.448476493,"remaining_time":19.34542948},
{"learn":[0.07527239438],"iteration":250,"passed_time":6.455667865,"remaining_time":19.26412443},
{"learn":[0.07484648377],"iteration":251,"passed_time":6.463089028,"remaining_time":19.18408966},
{"learn":[0.07456262162],"iteration":252,"passed_time":6.470942451,"remaining_time":19.10590518},
{"learn":[0.07415653214],"iteration":253,"passed_time":6.477488652,"remaining_time":19.02443517},
{"learn":[0.07378949948],"iteration":254,"passed_time":6.48373905,"remaining_time":18.9426886},
{"learn":[0.07356346145],"iteration":255,"passed_time":6.491505095,"remaining_time":18.86593668},
{"learn":[0.0731143109],"iteration":256,"passed_time":6.497861463,"remaining_time":18.78564618},
{"learn":[0.07285162988],"iteration":257,"passed_time":6.504352902,"remaining_time":18.70631726},
{"learn":[0.07260107941],"iteration":258,"passed_time":6.511550083,"remaining_time":18.62956993},
{"learn":[0.07225714846],"iteration":259,"passed_time":6.519715018,"remaining_time":18.55611197},
{"learn":[0.07186857603],"iteration":260,"passed_time":6.527670563,"remaining_time":18.48256148},
{"learn":[0.07154275432],"iteration":261,"passed_time":6.536343301,"remaining_time":18.41153189},
{"learn":[0.07118213808],"iteration":262,"passed_time":6.543861069,"remaining_time":18.33773995},
{"learn":[0.07085471979],"iteration":263,"passed_time":6.550812055,"remaining_time":18.26286997},
{"learn":[0.0705421499],"iteration":264,"passed_time":6.556936116,"remaining_time":18.18621904},
{"learn":[0.07023657829],"iteration":265,"passed_time":6.564924534,"remaining_time":18.11524289},
{"learn":[0.06987719738],"iteration":266,"passed_time":6.573601068,"remaining_time":18.04662765},
{"learn":[0.06953109095],"iteration":267,"passed_time":6.581236589,"remaining_time":17.97561636},
{"learn":[0.06922407963],"iteration":268,"passed_time":6.590125013,"remaining_time":17.90848098},
{"learn":[0.06873790814],"iteration":269,"passed_time":6.596432077,"remaining_time":17.83479784},
{"learn":[0.06843836398],"iteration":270,"passed_time":6.603873612,"remaining_time":17.7646637},
{"learn":[0.06816692011],"iteration":271,"passed_time":6.60988451,"remaining_time":17.69116148},
{"learn":[0.06778567356],"iteration":272,"passed_time":6.61670069,"remaining_time":17.62029818},
{"learn":[0.06758274963],"iteration":273,"passed_time":6.624433698,"remaining_time":17.55233162},
{"learn":[0.06727308443],"iteration":274,"passed_time":6.63187736,"remaining_time":17.48404031},
{"learn":[0.06686945957],"iteration":275,"passed_time":6.638114168,"remaining_time":17.41302412},
{"learn":[0.0665851079],"iteration":276,"passed_time":6.643959365,"remaining_time":17.3414535},
{"learn":[0.06629510326],"iteration":277,"passed_time":6.650769033,"remaining_time":17.27286058},
{"learn":[0.06608720336],"iteration":278,"passed_time":6.658024071,"remaining_time":17.20586149},
{"learn":[0.06579442418],"iteration":279,"passed_time":6.666532062,"remaining_time":17.14251102},
{"learn":[0.06539498607],"iteration":280,"passed_time":6.672385692,"remaining_time":17.07275912},
{"learn":[0.06513798608],"iteration":281,"passed_time":6.679759082,"remaining_time":17.00732986},
{"learn":[0.06483821839],"iteration":282,"passed_time":6.687283996,"remaining_time":16.94269479},
{"learn":[0.0646084798],"iteration":283,"passed_time":6.694118644,"remaining_time":16.87672165},
{"learn":[0.06435047449],"iteration":284,"passed_time":6.703373947,"remaining_time":16.81723639},
{"learn":[0.06397540699],"iteration":285,"passed_time":6.709005092,"remaining_time":16.74905467},
{"learn":[0.06361161868],"iteration":286,"passed_time":6.717573881,"remaining_time":16.68860689},
{"learn":[0.06335208778],"iteration":287,"passed_time":6.723944835,"remaining_time":16.62308584},
{"learn":[0.06299815905],"iteration":288,"passed_time":6.731600998,"remaining_time":16.56113602},
{"learn":[0.06276241572],"iteration":289,"passed_time":6.738313983,"remaining_time":16.49725148},
{"learn":[0.06252334817],"iteration":290,"passed_time":6.745463833,"remaining_time":16.43482425},
{"learn":[0.06225401339],"iteration":291,"passed_time":6.75232621,"remaining_time":16.37207862},
{"learn":[0.06200949054],"iteration":292,"passed_time":6.758825868,"remaining_time":16.30883921},
{"learn":[0.06174744587],"iteration":293,"passed_time":6.766706461,"remaining_time":16.24930191},
{"learn":[0.06147082597],"iteration":294,"passed_time":6.775538072,"remaining_time":16.19238759},
{"learn":[0.06117274426],"iteration":295,"passed_time":6.782652318,"remaining_time":16.13171362},
{"learn":[0.06088185083],"iteration":296,"passed_time":6.789900626,"remaining_time":16.07171764},
{"learn":[0.06065472375],"iteration":297,"passed_time":6.797436268,"remaining_time":16.01275255},
{"learn":[0.06047325116],"iteration":298,"passed_time":6.802492331,"remaining_time":15.94831814},
{"learn":[0.06024662205],"iteration":299,"passed_time":6.808522065,"remaining_time":15.88655149},
{"learn":[0.05999341321],"iteration":300,"passed_time":6.814339011,"remaining_time":15.82466102},
{"learn":[0.05970240817],"iteration":301,"passed_time":6.822149971,"remaining_time":15.76775059},
{"learn":[0.05941238232],"iteration":302,"passed_time":6.830472611,"remaining_time":15.71234129},
{"learn":[0.05914385144],"iteration":303,"passed_time":6.836734094,"remaining_time":15.65252279},
{"learn":[0.05891964123],"iteration":304,"passed_time":6.843566065,"remaining_time":15.59435546},
{"learn":[0.05876304334],"iteration":305,"passed_time":6.849967145,"remaining_time":15.5355464},
{"learn":[0.05851828415],"iteration":306,"passed_time":6.856793388,"remaining_time":15.4780385},
{"learn":[0.05826925837],"iteration":307,"passed_time":6.863729072,"remaining_time":15.42110558},
{"learn":[0.05805073496],"iteration":308,"passed_time":6.871500745,"remaining_time":15.36636574},
{"learn":[0.05777026878],"iteration":309,"passed_time":6.879174257,"remaining_time":15.31171044},
{"learn":[0.05751538358],"iteration":310,"passed_time":6.886809799,"remaining_time":15.25727316},
{"learn":[0.0572179675],"iteration":311,"passed_time":6.894071398,"remaining_time":15.20231129},
{"learn":[0.05689556739],"iteration":312,"passed_time":6.900628502,"remaining_time":15.14610793},
{"learn":[0.05659476746],"iteration":313,"passed_time":6.906704974,"remaining_time":15.08917074},
{"learn":[0.05636031784],"iteration":314,"passed_time":6.914285323,"remaining_time":15.03582681},
{"learn":[0.05609012895],"iteration":315,"passed_time":6.920440867,"remaining_time":14.97968846},
{"learn":[0.05586762614],"iteration":316,"passed_time":6.926797827,"remaining_time":14.92429942},
{"learn":[0.05563370309],"iteration":317,"passed_time":6.934412844,"remaining_time":14.87191685},
{"learn":[0.05545575546],"iteration":318,"passed_time":6.942851965,"remaining_time":14.82157426},
{"learn":[0.05523700173],"iteration":319,"passed_time":6.950255523,"remaining_time":14.76929299},
{"learn":[0.05497849748],"iteration":320,"passed_time":6.956860473,"remaining_time":14.71560206},
{"learn":[0.0547356077],"iteration":321,"passed_time":6.962265849,"remaining_time":14.65967778},
{"learn":[0.05457904611],"iteration":322,"passed_time":6.968764808,"remaining_time":14.60635844},
{"learn":[0.05437897245],"iteration":323,"passed_time":6.97536811,"remaining_time":14.55354581},
{"learn":[0.0541687377],"iteration":324,"passed_time":6.983938871,"remaining_time":14.50510381},
{"learn":[0.05392806972],"iteration":325,"passed_time":6.989441892,"remaining_time":14.45056391},
{"learn":[0.05377350953],"iteration":326,"passed_time":6.998317779,"remaining_time":14.40326564},
{"learn":[0.05357988007],"iteration":327,"passed_time":7.003461916,"remaining_time":14.34855612},
{"learn":[0.05336336478],"iteration":328,"passed_time":7.011754089,"remaining_time":14.30056837},
{"learn":[0.05313999172],"iteration":329,"passed_time":7.017126588,"remaining_time":14.24689338},
{"learn":[0.05295904862],"iteration":330,"passed_time":7.023354572,"remaining_time":14.1952393},
{"learn":[0.0527692418],"iteration":331,"passed_time":7.03078,"remaining_time":14.14626819},
{"learn":[0.05252575459],"iteration":332,"passed_time":7.039047534,"remaining_time":14.09923335},
{"learn":[0.05237066923],"iteration":333,"passed_time":7.045597037,"remaining_time":14.04900487},
{"learn":[0.05219382148],"iteration":334,"passed_time":7.051939574,"remaining_time":13.99862632},
{"learn":[0.05198110732],"iteration":335,"passed_time":7.05745185,"remaining_time":13.94686913},
{"learn":[0.05178282146],"iteration":336,"passed_time":7.064577678,"remaining_time":13.89856083},
{"learn":[0.05165200415],"iteration":337,"passed_time":7.071391728,"remaining_time":13.84988557},
{"learn":[0.05141671734],"iteration":338,"passed_time":7.078562665,"remaining_time":13.80215316},
{"learn":[0.05119063361],"iteration":339,"passed_time":7.085905827,"remaining_time":13.75499366},
{"learn":[0.05100335358],"iteration":340,"passed_time":7.091977191,"remaining_time":13.70560988},
{"learn":[0.05085822964],"iteration":341,"passed_time":7.098766607,"remaining_time":13.6578609},
{"learn":[0.05066573247],"iteration":342,"passed_time":7.104672368,"remaining_time":13.60865815},
{"learn":[0.05046357624],"iteration":343,"passed_time":7.11134056,"remaining_time":13.56116107},
{"learn":[0.05032094043],"iteration":344,"passed_time":7.117803223,"remaining_time":13.51351047},
{"learn":[0.05008529455],"iteration":345,"passed_time":7.124863754,"remaining_time":13.46722802},
{"learn":[0.04988335652],"iteration":346,"passed_time":7.13033264,"remaining_time":13.41817641},
{"learn":[0.04973113955],"iteration":347,"passed_time":7.137998578,"remaining_time":13.37349159},
{"learn":[0.04955299557],"iteration":348,"passed_time":7.143754381,"remaining_time":13.32545588},
{"learn":[0.04933580423],"iteration":349,"passed_time":7.151167138,"remaining_time":13.28073897},
{"learn":[0.04909488259],"iteration":350,"passed_time":7.156104971,"remaining_time":13.23165848},
{"learn":[0.04895474582],"iteration":351,"passed_time":7.162481967,"remaining_time":13.18547817},
{"learn":[0.04878830684],"iteration":352,"passed_time":7.169203653,"remaining_time":13.14015514},
{"learn":[0.04867956294],"iteration":353,"passed_time":7.175318288,"remaining_time":13.09394241},
{"learn":[0.04842952468],"iteration":354,"passed_time":7.181740492,"remaining_time":13.04851441},
{"learn":[0.04829101434],"iteration":355,"passed_time":7.187395115,"remaining_time":13.00191701},
{"learn":[0.04812956296],"iteration":356,"passed_time":7.193196902,"remaining_time":12.95581403},
{"learn":[0.04790498278],"iteration":357,"passed_time":7.200182838,"remaining_time":12.91205973},
{"learn":[0.04778749143],"iteration":358,"passed_time":7.205707879,"remaining_time":12.86590181},
{"learn":[0.04760181314],"iteration":359,"passed_time":7.21223376,"remaining_time":12.82174891},
{"learn":[0.04747977622],"iteration":360,"passed_time":7.217755642,"remaining_time":12.7760273},
{"learn":[0.04731167665],"iteration":361,"passed_time":7.224103464,"remaining_time":12.73198345},
{"learn":[0.04715184166],"iteration":362,"passed_time":7.231741152,"remaining_time":12.69041078},
{"learn":[0.04697632906],"iteration":363,"passed_time":7.238808061,"remaining_time":12.64802727},
{"learn":[0.04680713448],"iteration":364,"passed_time":7.244724752,"remaining_time":12.60383621},
{"learn":[0.04655829155],"iteration":365,"passed_time":7.251756442,"remaining_time":12.56178575},
{"learn":[0.04633941091],"iteration":366,"passed_time":7.258490855,"remaining_time":12.51941338},
{"learn":[0.04617409582],"iteration":367,"passed_time":7.2639458,"remaining_time":12.47503735},
{"learn":[0.04601653244],"iteration":368,"passed_time":7.270775655,"remaining_time":12.43322341},
{"learn":[0.04588701275],"iteration":369,"passed_time":7.276539818,"remaining_time":12.38978401},
{"learn":[0.04577379892],"iteration":370,"passed_time":7.284778551,"remaining_time":12.35074315},
{"learn":[0.04565620631],"iteration":371,"passed_time":7.290889248,"remaining_time":12.3082754},
{"learn":[0.045494141],"iteration":372,"passed_time":7.301515594,"remaining_time":12.27359324},
{"learn":[0.0452442514],"iteration":373,"passed_time":7.307601495,"remaining_time":12.23143994},
{"learn":[0.04507975187],"iteration":374,"passed_time":7.313275276,"remaining_time":12.18879213},
{"learn":[0.044920446],"iteration":375,"passed_time":7.319089193,"remaining_time":12.14657356},
{"learn":[0.04475762093],"iteration":376,"passed_time":7.327450823,"remaining_time":12.10875826},
{"learn":[0.044581422],"iteration":377,"passed_time":7.334317501,"remaining_time":12.06863885},
{"learn":[0.04438254633],"iteration":378,"passed_time":7.340648846,"remaining_time":12.02781777},
{"learn":[0.04421015885],"iteration":379,"passed_time":7.347544006,"remaining_time":11.98809812},
{"learn":[0.04399854934],"iteration":380,"passed_time":7.353354164,"remaining_time":11.946788},
{"learn":[0.04382547113],"iteration":381,"passed_time":7.357899824,"remaining_time":11.90361804},
{"learn":[0.04371294744],"iteration":382,"passed_time":7.365421723,"remaining_time":11.86544439},
{"learn":[0.0435274409],"iteration":383,"passed_time":7.371533224,"remaining_time":11.82516788},
{"learn":[0.04338732584],"iteration":384,"passed_time":7.3783747,"remaining_time":11.78623491},
{"learn":[0.0432295592],"iteration":385,"passed_time":7.384617638,"remaining_time":11.74651614},
{"learn":[0.0430847651],"iteration":386,"passed_time":7.390023181,"remaining_time":11.70564395},
{"learn":[0.04293543469],"iteration":387,"passed_time":7.397026157,"remaining_time":11.66747425},
{"learn":[0.04273661698],"iteration":388,"passed_time":7.406721985,"remaining_time":11.63369443},
{"learn":[0.04260446694],"iteration":389,"passed_time":7.414802398,"remaining_time":11.59751144},
{"learn":[0.04250455866],"iteration":390,"passed_time":7.420431654,"remaining_time":11.55765442},
{"learn":[0.04232105824],"iteration":391,"passed_time":7.426891483,"remaining_time":11.51926026},
{"learn":[0.04211773188],"iteration":392,"passed_time":7.433951233,"remaining_time":11.48195521},
{"learn":[0.04197677892],"iteration":393,"passed_time":7.4406433,"remaining_time":11.44423817},
{"learn":[0.04184471191],"iteration":394,"passed_time":7.448252934,"remaining_time":11.40808361},
{"learn":[0.04172548127],"iteration":395,"passed_time":7.455599014,"remaining_time":11.37167122},
{"learn":[0.04158884736],"iteration":396,"passed_time":7.462656624,"remaining_time":11.33496711},
{"learn":[0.04148785249],"iteration":397,"passed_time":7.470257346,"remaining_time":11.29923347},
{"learn":[0.04137170821],"iteration":398,"passed_time":7.476663263,"remaining_time":11.26184116},
{"learn":[0.04126196699],"iteration":399,"passed_time":7.482223732,"remaining_time":11.2233356},
{"learn":[0.0410638563],"iteration":400,"passed_time":7.486759505,"remaining_time":11.1834637},
{"learn":[0.04094264172],"iteration":401,"passed_time":7.492213526,"remaining_time":11.14513355},
{"learn":[0.04081687568],"iteration":402,"passed_time":7.499953169,"remaining_time":11.11035246},
{"learn":[0.04076379443],"iteration":403,"passed_time":7.506518357,"remaining_time":11.07397263},
{"learn":[0.04063069303],"iteration":404,"passed_time":7.512669059,"remaining_time":11.03713109},
{"learn":[0.04059603538],"iteration":405,"passed_time":7.519556938,"remaining_time":11.00151926},
{"learn":[0.0404484243],"iteration":406,"passed_time":7.525103281,"remaining_time":10.96409397},
{"learn":[0.04033154262],"iteration":407,"passed_time":7.533194958,"remaining_time":10.93051817},
{"learn":[0.04020079849],"iteration":408,"passed_time":7.53916708,"remaining_time":10.89400426},
{"learn":[0.04009598715],"iteration":409,"passed_time":7.545876997,"remaining_time":10.85870104},
{"learn":[0.03997532899],"iteration":410,"passed_time":7.554147944,"remaining_time":10.82577406},
{"learn":[0.03980974503],"iteration":411,"passed_time":7.561521715,"remaining_time":10.79168633},
{"learn":[0.03967990383],"iteration":412,"passed_time":7.56916913,"remaining_time":10.7581169},
{"learn":[0.03960819055],"iteration":413,"passed_time":7.575919582,"remaining_time":10.72340308},
{"learn":[0.03953778804],"iteration":414,"passed_time":7.582400253,"remaining_time":10.68844373},
{"learn":[0.03940297338],"iteration":415,"passed_time":7.590951424,"remaining_time":10.65652796},
{"learn":[0.0392892609],"iteration":416,"passed_time":7.596535819,"remaining_time":10.62057646},
{"learn":[0.03917043549],"iteration":417,"passed_time":7.603990979,"remaining_time":10.587375},
{"learn":[0.03900998897],"iteration":418,"passed_time":7.610639348,"remaining_time":10.55317771},
{"learn":[0.03886242576],"iteration":419,"passed_time":7.617601876,"remaining_time":10.51954545},
{"learn":[0.03871162937],"iteration":420,"passed_time":7.623659741,"remaining_time":10.4847957},
{"learn":[0.03861245208],"iteration":421,"passed_time":7.631466847,"remaining_time":10.45257781},
{"learn":[0.03847672277],"iteration":422,"passed_time":7.63911877,"remaining_time":10.42026366},
{"learn":[0.03835394691],"iteration":423,"passed_time":7.64810383,"remaining_time":10.3898769},
{"learn":[0.03822849111],"iteration":424,"passed_time":7.656472028,"remaining_time":10.35875627},
{"learn":[0.03810709031],"iteration":425,"passed_time":7.662935116,"remaining_time":10.32517548},
{"learn":[0.03802017946],"iteration":426,"passed_time":7.668945052,"remaining_time":10.29111362},
{"learn":[0.03785833771],"iteration":427,"passed_time":7.673953921,"remaining_time":10.25584496},
{"learn":[0.03778846378],"iteration":428,"passed_time":7.681775508,"remaining_time":10.22446111},
{"learn":[0.03769971465],"iteration":429,"passed_time":7.687281191,"remaining_time":10.19011693},
{"learn":[0.03763516235],"iteration":430,"passed_time":7.693219875,"remaining_time":10.15647821},
{"learn":[0.03750322242],"iteration":431,"passed_time":7.699595489,"remaining_time":10.12354222},
{"learn":[0.03740607073],"iteration":432,"passed_time":7.705601786,"remaining_time":10.0902453},
{"learn":[0.03731849569],"iteration":433,"passed_time":7.711023817,"remaining_time":10.05631217},
{"learn":[0.03718887374],"iteration":434,"passed_time":7.716820058,"remaining_time":10.02299617},
{"learn":[0.03707354815],"iteration":435,"passed_time":7.723913867,"remaining_time":9.99148491},
{"learn":[0.03700756265],"iteration":436,"passed_time":7.73341056,"remaining_time":9.96318111},
{"learn":[0.03693611179],"iteration":437,"passed_time":7.739912004,"remaining_time":9.931119969},
{"learn":[0.03675274053],"iteration":438,"passed_time":7.748554748,"remaining_time":9.901911648},
{"learn":[0.03661523785],"iteration":439,"passed_time":7.757358966,"remaining_time":9.87300232},
{"learn":[0.03650789786],"iteration":440,"passed_time":7.764697864,"remaining_time":9.84232677},
{"learn":[0.03641497007],"iteration":441,"passed_time":7.771482698,"remaining_time":9.811057343},
{"learn":[0.03634499411],"iteration":442,"passed_time":7.778824176,"remaining_time":9.780598343},
{"learn":[0.03619171772],"iteration":443,"passed_time":7.784989344,"remaining_time":9.74877044},
{"learn":[0.03606772226],"iteration":444,"passed_time":7.791342265,"remaining_time":9.717292039},
{"learn":[0.03592707767],"iteration":445,"passed_time":7.79775656,"remaining_time":9.686002543},
{"learn":[0.03582083615],"iteration":446,"passed_time":7.804051972,"remaining_time":9.654677272},
{"learn":[0.03567391678],"iteration":447,"passed_time":7.81122826,"remaining_time":9.624549106},
{"learn":[0.03558403703],"iteration":448,"passed_time":7.818274336,"remaining_time":9.594363383},
{"learn":[0.03547866654],"iteration":449,"passed_time":7.824477113,"remaining_time":9.563249805},
{"learn":[0.03535906267],"iteration":450,"passed_time":7.831486754,"remaining_time":9.533228887},
{"learn":[0.03527770563],"iteration":451,"passed_time":7.837646445,"remaining_time":9.502279318},
{"learn":[0.03515700254],"iteration":452,"passed_time":7.845629998,"remaining_time":9.473641521},
{"learn":[0.03499097603],"iteration":453,"passed_time":7.851703037,"remaining_time":9.442797044},
{"learn":[0.03490324165],"iteration":454,"passed_time":7.858508211,"remaining_time":9.412938407},
{"learn":[0.03480510464],"iteration":455,"passed_time":7.866102577,"remaining_time":9.384122373},
{"learn":[0.03472952205],"iteration":456,"passed_time":7.87504308,"remaining_time":9.356998671},
{"learn":[0.03462903927],"iteration":457,"passed_time":7.881363228,"remaining_time":9.326853427},
{"learn":[0.03451882534],"iteration":458,"passed_time":7.887043979,"remaining_time":9.296058372},
{"learn":[0.03443100011],"iteration":459,"passed_time":7.893190721,"remaining_time":9.265919542},
{"learn":[0.03437489317],"iteration":460,"passed_time":7.900621279,"remaining_time":9.237385834},
{"learn":[0.03432905977],"iteration":461,"passed_time":7.908079109,"remaining_time":9.208975239},
{"learn":[0.0342626568],"iteration":462,"passed_time":7.914354954,"remaining_time":9.179284256},
{"learn":[0.03416794916],"iteration":463,"passed_time":7.921034417,"remaining_time":9.150160447},
{"learn":[0.0340573685],"iteration":464,"passed_time":7.927526824,"remaining_time":9.120917959},
{"learn":[0.03396744407],"iteration":465,"passed_time":7.933495309,"remaining_time":9.091172736},
{"learn":[0.03390744684],"iteration":466,"passed_time":7.939773928,"remaining_time":9.061883306},
{"learn":[0.03380773505],"iteration":467,"passed_time":7.949362574,"remaining_time":9.036454892},
{"learn":[0.03375677282],"iteration":468,"passed_time":7.955747381,"remaining_time":9.007466651},
{"learn":[0.0336382936],"iteration":469,"passed_time":7.961990211,"remaining_time":8.978414493},
{"learn":[0.03355520751],"iteration":470,"passed_time":7.967685657,"remaining_time":8.9488444},
{"learn":[0.03347342476],"iteration":471,"passed_time":7.973823787,"remaining_time":8.919870676},
{"learn":[0.03340069387],"iteration":472,"passed_time":7.980015873,"remaining_time":8.891053626},
{"learn":[0.03328723481],"iteration":473,"passed_time":7.987337207,"remaining_time":8.863585171},
{"learn":[0.03322036086],"iteration":474,"passed_time":7.996043611,"remaining_time":8.837732412},
{"learn":[0.03312951792],"iteration":475,"passed_time":8.003902272,"remaining_time":8.811018468},
{"learn":[0.03305141626],"iteration":476,"passed_time":8.012224383,"remaining_time":8.784891724},
{"learn":[0.03296912735],"iteration":477,"passed_time":8.018042844,"remaining_time":8.756105365},
{"learn":[0.03287267938],"iteration":478,"passed_time":8.024129042,"remaining_time":8.727706118},
{"learn":[0.03281789519],"iteration":479,"passed_time":8.029935348,"remaining_time":8.699096627},
{"learn":[0.03279931474],"iteration":480,"passed_time":8.035984032,"remaining_time":8.670843477},
{"learn":[0.0326994607],"iteration":481,"passed_time":8.04242508,"remaining_time":8.643104132},
{"learn":[0.03258350521],"iteration":482,"passed_time":8.049203473,"remaining_time":8.615814069},
{"learn":[0.03252829147],"iteration":483,"passed_time":8.056063719,"remaining_time":8.588696031},
{"learn":[0.03243196656],"iteration":484,"passed_time":8.062826283,"remaining_time":8.561557805},
{"learn":[0.03236706518],"iteration":485,"passed_time":8.069166746,"remaining_time":8.534057011},
{"learn":[0.0322774164],"iteration":486,"passed_time":8.075734266,"remaining_time":8.506882297},
{"learn":[0.03216552892],"iteration":487,"passed_time":8.081886444,"remaining_time":8.479356269},
{"learn":[0.03206111626],"iteration":488,"passed_time":8.089211081,"remaining_time":8.453142868},
{"learn":[0.03199110898],"iteration":489,"passed_time":8.097202234,"remaining_time":8.427700285},
{"learn":[0.03190739026],"iteration":490,"passed_time":8.106506722,"remaining_time":8.403690267},
{"learn":[0.03185685498],"iteration":491,"passed_time":8.116376114,"remaining_time":8.380323305},
{"learn":[0.03175632279],"iteration":492,"passed_time":8.123060986,"remaining_time":8.353736146},
{"learn":[0.03169773287],"iteration":493,"passed_time":8.131560589,"remaining_time":8.329088377},
{"learn":[0.03159344953],"iteration":494,"passed_time":8.139011325,"remaining_time":8.303435797},
{"learn":[0.03151632668],"iteration":495,"passed_time":8.146832724,"remaining_time":8.278233252},
{"learn":[0.03143573834],"iteration":496,"passed_time":8.153308615,"remaining_time":8.2517389},
{"learn":[0.03137416908],"iteration":497,"passed_time":8.161759439,"remaining_time":8.22731574},
{"learn":[0.03130291856],"iteration":498,"passed_time":8.168854415,"remaining_time":8.201595314},
{"learn":[0.03127348385],"iteration":499,"passed_time":8.176840075,"remaining_time":8.176840075},
{"learn":[0.03116489987],"iteration":500,"passed_time":8.183223562,"remaining_time":8.150556003},
{"learn":[0.03107908983],"iteration":501,"passed_time":8.189607289,"remaining_time":8.124351455},
{"learn":[0.03105114466],"iteration":502,"passed_time":8.196507391,"remaining_time":8.098735931},
{"learn":[0.03098133573],"iteration":503,"passed_time":8.204601725,"remaining_time":8.074369951},
{"learn":[0.0308981045],"iteration":504,"passed_time":8.211634978,"remaining_time":8.049028345},
{"learn":[0.03080208164],"iteration":505,"passed_time":8.218352985,"remaining_time":8.023451333},
{"learn":[0.03073297854],"iteration":506,"passed_time":8.224578547,"remaining_time":7.997469869},
{"learn":[0.03062647198],"iteration":507,"passed_time":8.230263404,"remaining_time":7.971042509},
{"learn":[0.03054469931],"iteration":508,"passed_time":8.23857253,"remaining_time":7.947228119},
{"learn":[0.03044897977],"iteration":509,"passed_time":8.247302388,"remaining_time":7.923878765},
{"learn":[0.03034780089],"iteration":510,"passed_time":8.254454769,"remaining_time":7.899077069},
{"learn":[0.03027157623],"iteration":511,"passed_time":8.26216041,"remaining_time":7.874871641},
{"learn":[0.03024336845],"iteration":512,"passed_time":8.268523426,"remaining_time":7.849455962},
{"learn":[0.03014742239],"iteration":513,"passed_time":8.27550951,"remaining_time":7.824703544},
{"learn":[0.03005245093],"iteration":514,"passed_time":8.282595221,"remaining_time":7.800113946},
{"learn":[0.02997038881],"iteration":515,"passed_time":8.29161928,"remaining_time":7.777410332},
{"learn":[0.02986057169],"iteration":516,"passed_time":8.29964273,"remaining_time":7.753824833},
{"learn":[0.02977767779],"iteration":517,"passed_time":8.306418475,"remaining_time":7.729138427},
{"learn":[0.02974427288],"iteration":518,"passed_time":8.312913687,"remaining_time":7.704261047},
{"learn":[0.02967201886],"iteration":519,"passed_time":8.319196359,"remaining_time":7.679258178},
{"learn":[0.02956735585],"iteration":520,"passed_time":8.327275819,"remaining_time":7.655979112},
{"learn":[0.02951385834],"iteration":521,"passed_time":8.333592807,"remaining_time":7.631144372},
{"learn":[0.02943967496],"iteration":522,"passed_time":8.343542835,"remaining_time":7.609693944},
{"learn":[0.02941996647],"iteration":523,"passed_time":8.349476597,"remaining_time":7.584639046},
{"learn":[0.02932807075],"iteration":524,"passed_time":8.359545121,"remaining_time":7.563397967},
{"learn":[0.02923198577],"iteration":525,"passed_time":8.365537695,"remaining_time":7.538526364},
{"learn":[0.02915640713],"iteration":526,"passed_time":8.371271604,"remaining_time":7.513494248},
{"learn":[0.02905806085],"iteration":527,"passed_time":8.379115807,"remaining_time":7.490421706},
{"learn":[0.02898023251],"iteration":528,"passed_time":8.386366971,"remaining_time":7.466878721},
{"learn":[0.02897357336],"iteration":529,"passed_time":8.393764344,"remaining_time":7.443526872},
{"learn":[0.02886316323],"iteration":530,"passed_time":8.400402614,"remaining_time":7.419564644},
{"learn":[0.02879983672],"iteration":531,"passed_time":8.407425124,"remaining_time":7.39600556},
{"learn":[0.02872015595],"iteration":532,"passed_time":8.414848382,"remaining_time":7.372859652},
{"learn":[0.02868621107],"iteration":533,"passed_time":8.42269742,"remaining_time":7.350144191},
{"learn":[0.02860385408],"iteration":534,"passed_time":8.430394028,"remaining_time":7.327351819},
{"learn":[0.02854376626],"iteration":535,"passed_time":8.436150189,"remaining_time":7.302935984},
{"learn":[0.02844906167],"iteration":536,"passed_time":8.442326581,"remaining_time":7.278951968},
{"learn":[0.02835370754],"iteration":537,"passed_time":8.448326447,"remaining_time":7.254882563},
{"learn":[0.02826299604],"iteration":538,"passed_time":8.454039121,"remaining_time":7.230634573},
{"learn":[0.02820826988],"iteration":539,"passed_time":8.461448655,"remaining_time":7.207900706},
{"learn":[0.02814579668],"iteration":540,"passed_time":8.467689625,"remaining_time":7.184232048},
{"learn":[0.0281151551],"iteration":541,"passed_time":8.47385605,"remaining_time":7.160564707},
{"learn":[0.02800671701],"iteration":542,"passed_time":8.481968321,"remaining_time":7.138599489},
{"learn":[0.02793414595],"iteration":543,"passed_time":8.48707632,"remaining_time":7.114166915},
{"learn":[0.02791938673],"iteration":544,"passed_time":8.494378835,"remaining_time":7.091637376},
{"learn":[0.02786050678],"iteration":545,"passed_time":8.502060087,"remaining_time":7.069478534},
{"learn":[0.02779395168],"iteration":546,"passed_time":8.510011361,"remaining_time":7.047596246},
{"learn":[0.0277246378],"iteration":547,"passed_time":8.516039769,"remaining_time":7.024178787},
{"learn":[0.02764817385],"iteration":548,"passed_time":8.52197552,"remaining_time":7.00074856},
{"learn":[0.02759584998],"iteration":549,"passed_time":8.528697277,"remaining_time":6.978025045},
{"learn":[0.02752169269],"iteration":550,"passed_time":8.534756404,"remaining_time":6.954819647},
{"learn":[0.02747974851],"iteration":551,"passed_time":8.541013402,"remaining_time":6.931836964},
{"learn":[0.02744412517],"iteration":552,"passed_time":8.550104949,"remaining_time":6.91120599},
{"learn":[0.02736849749],"iteration":553,"passed_time":8.556952073,"remaining_time":6.888809791},
{"learn":[0.02730602181],"iteration":554,"passed_time":8.566055955,"remaining_time":6.868279099},
{"learn":[0.02723517824],"iteration":555,"passed_time":8.573246898,"remaining_time":6.846261911},
{"learn":[0.02713976021],"iteration":556,"passed_time":8.579205854,"remaining_time":6.823318121},
{"learn":[0.02708133646],"iteration":557,"passed_time":8.585232302,"remaining_time":6.800488669},
{"learn":[0.02703280824],"iteration":558,"passed_time":8.593024771,"remaining_time":6.779112565},
{"learn":[0.0269503854],"iteration":559,"passed_time":8.599721992,"remaining_time":6.756924423},
{"learn":[0.02692564351],"iteration":560,"passed_time":8.605525964,"remaining_time":6.73409251},
{"learn":[0.02689489967],"iteration":561,"passed_time":8.613417058,"remaining_time":6.712947814},
{"learn":[0.02683840982],"iteration":562,"passed_time":8.621512598,"remaining_time":6.692008891},
{"learn":[0.0267950391],"iteration":563,"passed_time":8.627999336,"remaining_time":6.669871827},
{"learn":[0.02670427511],"iteration":564,"passed_time":8.634803552,"remaining_time":6.648034593},
{"learn":[0.02666350768],"iteration":565,"passed_time":8.640848774,"remaining_time":6.625668494},
{"learn":[0.02660076275],"iteration":566,"passed_time":8.647757611,"remaining_time":6.604019481},
{"learn":[0.026533607],"iteration":567,"passed_time":8.654349443,"remaining_time":6.582181267},
{"learn":[0.0265011272],"iteration":568,"passed_time":8.66070621,"remaining_time":6.560218588},
{"learn":[0.02642602343],"iteration":569,"passed_time":8.667320117,"remaining_time":6.53850465},
{"learn":[0.02638353606],"iteration":570,"passed_time":8.673107929,"remaining_time":6.516222945},
{"learn":[0.02631717532],"iteration":571,"passed_time":8.679243084,"remaining_time":6.494258811},
{"learn":[0.02623424257],"iteration":572,"passed_time":8.683856614,"remaining_time":6.471216011},
{"learn":[0.02617780305],"iteration":573,"passed_time":8.689882494,"remaining_time":6.449285614},
{"learn":[0.02614659858],"iteration":574,"passed_time":8.696968005,"remaining_time":6.428193743},
{"learn":[0.02606717901],"iteration":575,"passed_time":8.705216059,"remaining_time":6.408006266},
{"learn":[0.0260435809],"iteration":576,"passed_time":8.711122252,"remaining_time":6.386143349},
{"learn":[0.02601055636],"iteration":577,"passed_time":8.722372607,"remaining_time":6.36823744},
{"learn":[0.02592859463],"iteration":578,"passed_time":8.732646112,"remaining_time":6.349644237},
{"learn":[0.0258484009],"iteration":579,"passed_time":8.742482526,"remaining_time":6.330763208},
{"learn":[0.02575416688],"iteration":580,"passed_time":8.75014767,"remaining_time":6.310347459},
{"learn":[0.02568491509],"iteration":581,"passed_time":8.76031343,"remaining_time":6.291771501},
{"learn":[0.02563554641],"iteration":582,"passed_time":8.767546506,"remaining_time":6.271126746},
{"learn":[0.02556147874],"iteration":583,"passed_time":8.773573006,"remaining_time":6.249668443},
{"learn":[0.0254753838],"iteration":584,"passed_time":8.780249803,"remaining_time":6.228724219},
{"learn":[0.02538635575],"iteration":585,"passed_time":8.786156737,"remaining_time":6.207284794},
{"learn":[0.02534590028],"iteration":586,"passed_time":8.791866543,"remaining_time":6.185759595},
{"learn":[0.02528904913],"iteration":587,"passed_time":8.798791037,"remaining_time":6.165139298},
{"learn":[0.02524830404],"iteration":588,"passed_time":8.804868542,"remaining_time":6.143974484},
{"learn":[0.02517004766],"iteration":589,"passed_time":8.812399742,"remaining_time":6.123871007},
{"learn":[0.02510540265],"iteration":590,"passed_time":8.82005222,"remaining_time":6.103894007},
{"learn":[0.02506124661],"iteration":591,"passed_time":8.825884984,"remaining_time":6.082704516},
{"learn":[0.02504580072],"iteration":592,"passed_time":8.835138634,"remaining_time":6.063914712},
{"learn":[0.02498216495],"iteration":593,"passed_time":8.843260907,"remaining_time":6.044383717},
{"learn":[0.02492142635],"iteration":594,"passed_time":8.849578564,"remaining_time":6.02366272},
{"learn":[0.02485203162],"iteration":595,"passed_time":8.857215312,"remaining_time":6.003884204},
{"learn":[0.02480623128],"iteration":596,"passed_time":8.866031099,"remaining_time":5.984942266},
{"learn":[0.02475862784],"iteration":597,"passed_time":8.872300377,"remaining_time":5.964322327},
{"learn":[0.02469423973],"iteration":598,"passed_time":8.879903932,"remaining_time":5.944643534},
{"learn":[0.02463384644],"iteration":599,"passed_time":8.885711489,"remaining_time":5.923807659},
{"learn":[0.02458146618],"iteration":600,"passed_time":8.891489031,"remaining_time":5.903001869},
{"learn":[0.02452527177],"iteration":601,"passed_time":8.898918139,"remaining_time":5.883337906},
{"learn":[0.02448418548],"iteration":602,"passed_time":8.907316504,"remaining_time":5.864352657},
{"learn":[0.02445117117],"iteration":603,"passed_time":8.913507996,"remaining_time":5.843955573},
{"learn":[0.02438273173],"iteration":604,"passed_time":8.919134991,"remaining_time":5.823236895},
{"learn":[0.0243259619],"iteration":605,"passed_time":8.924878024,"remaining_time":5.802643468},
{"learn":[0.02429114853],"iteration":606,"passed_time":8.932494492,"remaining_time":5.78331192},
{"learn":[0.02419675564],"iteration":607,"passed_time":8.93844532,"remaining_time":5.762945009},
{"learn":[0.02413523202],"iteration":608,"passed_time":8.945279985,"remaining_time":5.743192897},
{"learn":[0.02407844589],"iteration":609,"passed_time":8.951530317,"remaining_time":5.723109547},
{"learn":[0.02403521116],"iteration":610,"passed_time":8.959312778,"remaining_time":5.704046924},
{"learn":[0.02398622493],"iteration":611,"passed_time":8.965604703,"remaining_time":5.684076184},
{"learn":[0.02392783422],"iteration":612,"passed_time":8.973300038,"remaining_time":5.665036076},
{"learn":[0.02386194354],"iteration":613,"passed_time":8.979335612,"remaining_time":5.644989489},
{"learn":[0.02378011396],"iteration":614,"passed_time":8.989137261,"remaining_time":5.62734609},
{"learn":[0.02372637984],"iteration":615,"passed_time":8.997024344,"remaining_time":5.608534656},
{"learn":[0.02368970972],"iteration":616,"passed_time":9.004224748,"remaining_time":5.58933238},
{"learn":[0.02364590272],"iteration":617,"passed_time":9.009109459,"remaining_time":5.568737562},
{"learn":[0.02358420191],"iteration":618,"passed_time":9.015646389,"remaining_time":5.549210459},
{"learn":[0.02351432369],"iteration":619,"passed_time":9.023598165,"remaining_time":5.530592424},
{"learn":[0.02346363294],"iteration":620,"passed_time":9.030265501,"remaining_time":5.511224838},
{"learn":[0.0234022787],"iteration":621,"passed_time":9.037302879,"remaining_time":5.492122972},
{"learn":[0.0233788863],"iteration":622,"passed_time":9.043267222,"remaining_time":5.472410502},
{"learn":[0.0233333915],"iteration":623,"passed_time":9.049689298,"remaining_time":5.45301791},
{"learn":[0.02325379453],"iteration":624,"passed_time":9.056886672,"remaining_time":5.434132003},
{"learn":[0.02321557851],"iteration":625,"passed_time":9.06478897,"remaining_time":5.415704592},
{"learn":[0.02316276576],"iteration":626,"passed_time":9.070877803,"remaining_time":5.39623193},
{"learn":[0.02308161019],"iteration":627,"passed_time":9.080155595,"remaining_time":5.378690894},
{"learn":[0.02307014259],"iteration":628,"passed_time":9.087059762,"remaining_time":5.359776108},
{"learn":[0.023034336],"iteration":629,"passed_time":9.093527236,"remaining_time":5.34064298},
{"learn":[0.02301105693],"iteration":630,"passed_time":9.101613283,"remaining_time":5.322496516},
{"learn":[0.02297817325],"iteration":631,"passed_time":9.107071001,"remaining_time":5.302851469},
{"learn":[0.02293518098],"iteration":632,"passed_time":9.113469086,"remaining_time":5.283796453},
{"learn":[0.02291741953],"iteration":633,"passed_time":9.120186398,"remaining_time":5.264965649},
{"learn":[0.02286941568],"iteration":634,"passed_time":9.129070783,"remaining_time":5.247418639},
{"learn":[0.02279818899],"iteration":635,"passed_time":9.135878292,"remaining_time":5.228710217},
{"learn":[0.02274408853],"iteration":636,"passed_time":9.143363837,"remaining_time":5.210425546},
{"learn":[0.02270711212],"iteration":637,"passed_time":9.148788342,"remaining_time":5.191005298},
{"learn":[0.0226556813],"iteration":638,"passed_time":9.155344277,"remaining_time":5.17226805},
{"learn":[0.02259990872],"iteration":639,"passed_time":9.163038749,"remaining_time":5.154209296},
{"learn":[0.02252857308],"iteration":640,"passed_time":9.16876963,"remaining_time":5.135083147},
{"learn":[0.022499251],"iteration":641,"passed_time":9.176687931,"remaining_time":5.117218504},
{"learn":[0.02244533425],"iteration":642,"passed_time":9.186362621,"remaining_time":5.100359962},
{"learn":[0.02239638689],"iteration":643,"passed_time":9.194846461,"remaining_time":5.082865435},
{"learn":[0.02234971573],"iteration":644,"passed_time":9.202195319,"remaining_time":5.064774168},
{"learn":[0.02229846449],"iteration":645,"passed_time":9.209226384,"remaining_time":5.046542012},
{"learn":[0.02227145175],"iteration":646,"passed_time":9.217489522,"remaining_time":5.029016694},
{"learn":[0.02221500014],"iteration":647,"passed_time":9.224681533,"remaining_time":5.010938117},
{"learn":[0.02216611774],"iteration":648,"passed_time":9.230750348,"remaining_time":4.992285627},
{"learn":[0.02215888089],"iteration":649,"passed_time":9.236374032,"remaining_time":4.973432171},
{"learn":[0.02210347958],"iteration":650,"passed_time":9.242491723,"remaining_time":4.954884196},
{"learn":[0.02207903455],"iteration":651,"passed_time":9.248677452,"remaining_time":4.936410665},
{"learn":[0.0220497181],"iteration":652,"passed_time":9.255698433,"remaining_time":4.918418616},
{"learn":[0.02203833718],"iteration":653,"passed_time":9.263083608,"remaining_time":4.900652796},
{"learn":[0.02200446016],"iteration":654,"passed_time":9.268764071,"remaining_time":4.88202077},
{"learn":[0.02194975786],"iteration":655,"passed_time":9.275353407,"remaining_time":4.863904835},
{"learn":[0.02190264541],"iteration":656,"passed_time":9.281639725,"remaining_time":4.845665793},
{"learn":[0.02189766097],"iteration":657,"passed_time":9.28722792,"remaining_time":4.827100226},
{"learn":[0.02184904619],"iteration":658,"passed_time":9.292070146,"remaining_time":4.808188042},
{"learn":[0.02179728504],"iteration":659,"passed_time":9.298086092,"remaining_time":4.789923139},
{"learn":[0.0217624936],"iteration":660,"passed_time":9.3047152,"remaining_time":4.772009762},
{"learn":[0.02174375992],"iteration":661,"passed_time":9.310988845,"remaining_time":4.753948987},
{"learn":[0.02170105619],"iteration":662,"passed_time":9.318234013,"remaining_time":4.73641759},
{"learn":[0.02165381121],"iteration":663,"passed_time":9.327004975,"remaining_time":4.719689264},
{"learn":[0.02162496117],"iteration":664,"passed_time":9.333454723,"remaining_time":4.701815537},
{"learn":[0.02161401183],"iteration":665,"passed_time":9.339559401,"remaining_time":4.683803063},
{"learn":[0.0216004008],"iteration":666,"passed_time":9.346634793,"remaining_time":4.666310924},
{"learn":[0.02154912397],"iteration":667,"passed_time":9.35248325,"remaining_time":4.648240178},
{"learn":[0.02152525087],"iteration":668,"passed_time":9.362370403,"remaining_time":4.63220419},
{"learn":[0.02151063479],"iteration":669,"passed_time":9.368893945,"remaining_time":4.614529854},
{"learn":[0.0214887962],"iteration":670,"passed_time":9.375628401,"remaining_time":4.596992167},
{"learn":[0.02144377317],"iteration":671,"passed_time":9.382139803,"remaining_time":4.579377761},
{"learn":[0.02139883633],"iteration":672,"passed_time":9.388896503,"remaining_time":4.561915537},
{"learn":[0.02139184275],"iteration":673,"passed_time":9.394883851,"remaining_time":4.544112961},
{"learn":[0.02133854625],"iteration":674,"passed_time":9.401567198,"remaining_time":4.526680503},
{"learn":[0.02129593675],"iteration":675,"passed_time":9.40804798,"remaining_time":4.50918276},
{"learn":[0.0212156795],"iteration":676,"passed_time":9.415246708,"remaining_time":4.492060099},
{"learn":[0.02118047663],"iteration":677,"passed_time":9.421099448,"remaining_time":4.474327467},
{"learn":[0.02111419878],"iteration":678,"passed_time":9.429298774,"remaining_time":4.457739185},
{"learn":[0.02109168899],"iteration":679,"passed_time":9.435052341,"remaining_time":4.440024631},
{"learn":[0.02103879455],"iteration":680,"passed_time":9.440934873,"remaining_time":4.422405616},
{"learn":[0.02100300079],"iteration":681,"passed_time":9.448074304,"remaining_time":4.40540708},
{"learn":[0.02095857234],"iteration":682,"passed_time":9.455006082,"remaining_time":4.388341037},
{"learn":[0.0209443919],"iteration":683,"passed_time":9.461148248,"remaining_time":4.370939834},
{"learn":[0.02090545608],"iteration":684,"passed_time":9.467434901,"remaining_time":4.353637947},
{"learn":[0.02089425822],"iteration":685,"passed_time":9.473504082,"remaining_time":4.336268632},
{"learn":[0.02084307529],"iteration":686,"passed_time":9.480774987,"remaining_time":4.319479725},
{"learn":[0.02081091111],"iteration":687,"passed_time":9.488907193,"remaining_time":4.303109076},
{"learn":[0.02074850125],"iteration":688,"passed_time":9.496339348,"remaining_time":4.286446353},
{"learn":[0.02067704247],"iteration":689,"passed_time":9.504446958,"remaining_time":4.270113851},
{"learn":[0.02064063327],"iteration":690,"passed_time":9.511889508,"remaining_time":4.253507754},
{"learn":[0.02060621077],"iteration":691,"passed_time":9.517670283,"remaining_time":4.236188508},
{"learn":[0.02056273553],"iteration":692,"passed_time":9.523875652,"remaining_time":4.219090657},
{"learn":[0.02051027755],"iteration":693,"passed_time":9.53070247,"remaining_time":4.202298207},
{"learn":[0.02048494803],"iteration":694,"passed_time":9.536524001,"remaining_time":4.185093267},
{"learn":[0.02045331481],"iteration":695,"passed_time":9.542740551,"remaining_time":4.168093574},
{"learn":[0.02040915557],"iteration":696,"passed_time":9.548810652,"remaining_time":4.151061158},
{"learn":[0.02039743441],"iteration":697,"passed_time":9.555074166,"remaining_time":4.134143837},
{"learn":[0.02036020814],"iteration":698,"passed_time":9.560866123,"remaining_time":4.117053938},
{"learn":[0.02029979941],"iteration":699,"passed_time":9.565782275,"remaining_time":4.099620975},
{"learn":[0.02023918019],"iteration":700,"passed_time":9.573827251,"remaining_time":4.083558271},
{"learn":[0.02019925575],"iteration":701,"passed_time":9.580648523,"remaining_time":4.066998946},
{"learn":[0.02018843834],"iteration":702,"passed_time":9.586859361,"remaining_time":4.050209431},
{"learn":[0.02016067563],"iteration":703,"passed_time":9.594380973,"remaining_time":4.034001091},
{"learn":[0.02010901504],"iteration":704,"passed_time":9.599887561,"remaining_time":4.016974228},
{"learn":[0.02006446147],"iteration":705,"passed_time":9.605832117,"remaining_time":4.000162383},
{"learn":[0.02004251173],"iteration":706,"passed_time":9.612520629,"remaining_time":3.983689596},
{"learn":[0.01999588635],"iteration":707,"passed_time":9.619240351,"remaining_time":3.96725732},
{"learn":[0.01995612684],"iteration":708,"passed_time":9.625455432,"remaining_time":3.950645318},
{"learn":[0.01994851714],"iteration":709,"passed_time":9.631880766,"remaining_time":3.934148482},
{"learn":[0.01988810119],"iteration":710,"passed_time":9.639527106,"remaining_time":3.918176278},
{"learn":[0.01984445364],"iteration":711,"passed_time":9.645072359,"remaining_time":3.901377584},
{"learn":[0.01982864654],"iteration":712,"passed_time":9.65336284,"remaining_time":3.885715477},
{"learn":[0.01979769307],"iteration":713,"passed_time":9.659531761,"remaining_time":3.869224207},
{"learn":[0.01977391956],"iteration":714,"passed_time":9.665586786,"remaining_time":3.852716411},
{"learn":[0.01974511963],"iteration":715,"passed_time":9.672275793,"remaining_time":3.836489281},
{"learn":[0.01971525763],"iteration":716,"passed_time":9.678276962,"remaining_time":3.820017267},
{"learn":[0.01967851796],"iteration":717,"passed_time":9.684508295,"remaining_time":3.803664818},
{"learn":[0.01963681563],"iteration":718,"passed_time":9.691821211,"remaining_time":3.787763227},
{"learn":[0.01961624951],"iteration":719,"passed_time":9.699463633,"remaining_time":3.772013635},
{"learn":[0.01956877744],"iteration":720,"passed_time":9.705323688,"remaining_time":3.755596822},
{"learn":[0.01955868812],"iteration":721,"passed_time":9.711273174,"remaining_time":3.739243687},
{"learn":[0.01950770062],"iteration":722,"passed_time":9.717852853,"remaining_time":3.723160775},
{"learn":[0.01948814292],"iteration":723,"passed_time":9.724715089,"remaining_time":3.707211829},
{"learn":[0.01945286053],"iteration":724,"passed_time":9.732099433,"remaining_time":3.691485992},
{"learn":[0.01944778244],"iteration":725,"passed_time":9.73854132,"remaining_time":3.67542744},
{"learn":[0.01941338784],"iteration":726,"passed_time":9.745826457,"remaining_time":3.659711998},
{"learn":[0.01937243221],"iteration":727,"passed_time":9.75236778,"remaining_time":3.643741808},
{"learn":[0.0193700426],"iteration":728,"passed_time":9.759743478,"remaining_time":3.628107658},
{"learn":[0.01935744289],"iteration":729,"passed_time":9.766289732,"remaining_time":3.612189353},
{"learn":[0.01931609188],"iteration":730,"passed_time":9.77457252,"remaining_time":3.596935715},
{"learn":[0.01927230386],"iteration":731,"passed_time":9.780572839,"remaining_time":3.580865466},
{"learn":[0.01923580687],"iteration":732,"passed_time":9.786761761,"remaining_time":3.564891392},
{"learn":[0.0192077137],"iteration":733,"passed_time":9.792783474,"remaining_time":3.548883384},
{"learn":[0.01916124678],"iteration":734,"passed_time":9.799604775,"remaining_time":3.533190837},
{"learn":[0.01911962003],"iteration":735,"passed_time":9.805803159,"remaining_time":3.517298959},
{"learn":[0.01906782121],"iteration":736,"passed_time":9.812762653,"remaining_time":3.50170499},
{"learn":[0.01901254099],"iteration":737,"passed_time":9.818682364,"remaining_time":3.485765284},
{"learn":[0.01899277197],"iteration":738,"passed_time":9.825915833,"remaining_time":3.470316688},
{"learn":[0.01894450996],"iteration":739,"passed_time":9.832146529,"remaining_time":3.45453797},
{"learn":[0.01892607452],"iteration":740,"passed_time":9.838639532,"remaining_time":3.438876705},
{"learn":[0.01890424593],"iteration":741,"passed_time":9.845500575,"remaining_time":3.423368124},
{"learn":[0.0188663563],"iteration":742,"passed_time":9.852132685,"remaining_time":3.407803634},
{"learn":[0.01882886528],"iteration":743,"passed_time":9.858873925,"remaining_time":3.392300705},
{"learn":[0.01877260876],"iteration":744,"passed_time":9.865406459,"remaining_time":3.376749862},
{"learn":[0.01873853833],"iteration":745,"passed_time":9.872716449,"remaining_time":3.361487906},
{"learn":[0.01871044872],"iteration":746,"passed_time":9.878265309,"remaining_time":3.345650767},
{"learn":[0.0186958966],"iteration":747,"passed_time":9.88418318,"remaining_time":3.329965456},
{"learn":[0.01865040711],"iteration":748,"passed_time":9.891488288,"remaining_time":3.314771109},
{"learn":[0.01864527702],"iteration":749,"passed_time":9.898156103,"remaining_time":3.299385368},
{"learn":[0.01860378572],"iteration":750,"passed_time":9.903508446,"remaining_time":3.283586688},
{"learn":[0.01856074813],"iteration":751,"passed_time":9.911295199,"remaining_time":3.268618629},
{"learn":[0.01855041105],"iteration":752,"passed_time":9.916836227,"remaining_time":3.252932999},
{"learn":[0.01850416755],"iteration":753,"passed_time":9.922879675,"remaining_time":3.237438196},
{"learn":[0.01848861875],"iteration":754,"passed_time":9.929548054,"remaining_time":3.222171223},
{"learn":[0.01845203688],"iteration":755,"passed_time":9.936434017,"remaining_time":3.206997222},
{"learn":[0.01843209687],"iteration":756,"passed_time":9.941543138,"remaining_time":3.191274746},
{"learn":[0.01841381143],"iteration":757,"passed_time":9.950495004,"remaining_time":3.176807112},
{"learn":[0.01837410636],"iteration":758,"passed_time":9.956406842,"remaining_time":3.161388734},
{"learn":[0.01835496705],"iteration":759,"passed_time":9.963485414,"remaining_time":3.146363815},
{"learn":[0.01830233634],"iteration":760,"passed_time":9.971055539,"remaining_time":3.131514158},
{"learn":[0.01825434685],"iteration":761,"passed_time":9.978802309,"remaining_time":3.116738779},
{"learn":[0.01821294623],"iteration":762,"passed_time":9.986197901,"remaining_time":3.101872743},
{"learn":[0.01817186725],"iteration":763,"passed_time":9.992051691,"remaining_time":3.086549999},
{"learn":[0.01812320669],"iteration":764,"passed_time":9.996731066,"remaining_time":3.070891243},
{"learn":[0.01807759096],"iteration":765,"passed_time":10.00335609,"remaining_time":3.055855516},
{"learn":[0.01804611008],"iteration":766,"passed_time":10.01001697,"remaining_time":3.040852611},
{"learn":[0.01804058871],"iteration":767,"passed_time":10.01646177,"remaining_time":3.02580616},
{"learn":[0.01801270803],"iteration":768,"passed_time":10.02270644,"remaining_time":3.010721961},
{"learn":[0.01799024313],"iteration":769,"passed_time":10.03010948,"remaining_time":2.996006728},
{"learn":[0.01797973761],"iteration":770,"passed_time":10.03592044,"remaining_time":2.980837588},
{"learn":[0.01797282312],"iteration":771,"passed_time":10.04236595,"remaining_time":2.965880098},
{"learn":[0.01792802175],"iteration":772,"passed_time":10.04905847,"remaining_time":2.951017171},
{"learn":[0.01791482661],"iteration":773,"passed_time":10.05530934,"remaining_time":2.936046395},
{"learn":[0.01788398042],"iteration":774,"passed_time":10.06206323,"remaining_time":2.921244163},
{"learn":[0.01786854656],"iteration":775,"passed_time":10.07000993,"remaining_time":2.906806989},
{"learn":[0.0178313988],"iteration":776,"passed_time":10.07789289,"remaining_time":2.892368229},
{"learn":[0.01778793822],"iteration":777,"passed_time":10.08342237,"remaining_time":2.877274763},
{"learn":[0.01776020846],"iteration":778,"passed_time":10.08968446,"remaining_time":2.862413693},
{"learn":[0.01771466314],"iteration":779,"passed_time":10.09629021,"remaining_time":2.847671597},
{"learn":[0.01767779808],"iteration":780,"passed_time":10.10316214,"remaining_time":2.833024979},
{"learn":[0.01764269522],"iteration":781,"passed_time":10.1102272,"remaining_time":2.818452085},
{"learn":[0.01760732123],"iteration":782,"passed_time":10.11583185,"remaining_time":2.803493629},
{"learn":[0.01760286951],"iteration":783,"passed_time":10.12260049,"remaining_time":2.788879727},
{"learn":[0.0175836492],"iteration":784,"passed_time":10.1294115,"remaining_time":2.774297416},
{"learn":[0.01753810089],"iteration":785,"passed_time":10.13564128,"remaining_time":2.759576633},
{"learn":[0.01750402777],"iteration":786,"passed_time":10.14223813,"remaining_time":2.744976774},
{"learn":[0.01747469444],"iteration":787,"passed_time":10.1482671,"remaining_time":2.730244449},
{"learn":[0.01744113257],"iteration":788,"passed_time":10.155865,"remaining_time":2.715953758},
{"learn":[0.01741236478],"iteration":789,"passed_time":10.1614459,"remaining_time":2.701143846},
{"learn":[0.01738517368],"iteration":790,"passed_time":10.16773083,"remaining_time":2.686543292},
{"learn":[0.01734780881],"iteration":791,"passed_time":10.17428294,"remaining_time":2.672033904},
{"learn":[0.01731210411],"iteration":792,"passed_time":10.17957221,"remaining_time":2.657214941},
{"learn":[0.01728821323],"iteration":793,"passed_time":10.18521274,"remaining_time":2.642511115},
{"learn":[0.01725472774],"iteration":794,"passed_time":10.19153237,"remaining_time":2.628005202},
{"learn":[0.01722292764],"iteration":795,"passed_time":10.19834591,"remaining_time":2.61364644},
{"learn":[0.01719707631],"iteration":796,"passed_time":10.20549498,"remaining_time":2.59939207},
{"learn":[0.01716918685],"iteration":797,"passed_time":10.21204824,"remaining_time":2.585004692},
{"learn":[0.017134831],"iteration":798,"passed_time":10.21877099,"remaining_time":2.57067956},
{"learn":[0.01708874041],"iteration":799,"passed_time":10.22632833,"remaining_time":2.556582083},
{"learn":[0.01705727473],"iteration":800,"passed_time":10.23256604,"remaining_time":2.542173087},
{"learn":[0.01705481595],"iteration":801,"passed_time":10.23923746,"remaining_time":2.527891541},
{"learn":[0.01702789162],"iteration":802,"passed_time":10.246382,"remaining_time":2.513745025},
{"learn":[0.01699350756],"iteration":803,"passed_time":10.25359793,"remaining_time":2.499633326},
{"learn":[0.01695889015],"iteration":804,"passed_time":10.26095488,"remaining_time":2.485572922},
{"learn":[0.01692087546],"iteration":805,"passed_time":10.26741303,"remaining_time":2.471312814},
{"learn":[0.01691150777],"iteration":806,"passed_time":10.2735201,"remaining_time":2.456988079},
{"learn":[0.01686258079],"iteration":807,"passed_time":10.27959598,"remaining_time":2.442676272},
{"learn":[0.01682929994],"iteration":808,"passed_time":10.28593987,"remaining_time":2.428448103},
{"learn":[0.01679068374],"iteration":809,"passed_time":10.29367167,"remaining_time":2.414564959},
{"learn":[0.01678135998],"iteration":810,"passed_time":10.2997627,"remaining_time":2.400314612},
{"learn":[0.01676781255],"iteration":811,"passed_time":10.30662872,"remaining_time":2.386263793},
{"learn":[0.0167246498],"iteration":812,"passed_time":10.31189398,"remaining_time":2.371862453},
{"learn":[0.01671719969],"iteration":813,"passed_time":10.31859242,"remaining_time":2.357811045},
{"learn":[0.01668028378],"iteration":814,"passed_time":10.32513822,"remaining_time":2.343743031},
{"learn":[0.01664691571],"iteration":815,"passed_time":10.33271371,"remaining_time":2.329925641},
{"learn":[0.01661504228],"iteration":816,"passed_time":10.33905063,"remaining_time":2.315846103},
{"learn":[0.01658616761],"iteration":817,"passed_time":10.34652938,"remaining_time":2.302039544},
{"learn":[0.0165743809],"iteration":818,"passed_time":10.35263671,"remaining_time":2.287945353},
{"learn":[0.01654830827],"iteration":819,"passed_time":10.35961671,"remaining_time":2.274062205},
{"learn":[0.01653570161],"iteration":820,"passed_time":10.36487698,"remaining_time":2.259820925},
{"learn":[0.01650300949],"iteration":821,"passed_time":10.37124449,"remaining_time":2.245841264},
{"learn":[0.01647885382],"iteration":822,"passed_time":10.37669507,"remaining_time":2.2316829},
{"learn":[0.01643564025],"iteration":823,"passed_time":10.38351694,"remaining_time":2.21783857},
{"learn":[0.01641548394],"iteration":824,"passed_time":10.38978211,"remaining_time":2.203893176},
{"learn":[0.0163776113],"iteration":825,"passed_time":10.3962037,"remaining_time":2.189999327},
{"learn":[0.01636350731],"iteration":826,"passed_time":10.40240124,"remaining_time":2.17607668},
{"learn":[0.01633510533],"iteration":827,"passed_time":10.40899917,"remaining_time":2.162255866},
{"learn":[0.01631693893],"iteration":828,"passed_time":10.41665135,"remaining_time":2.148669941},
{"learn":[0.01630506737],"iteration":829,"passed_time":10.42332486,"remaining_time":2.134897863},
{"learn":[0.01626473469],"iteration":830,"passed_time":10.43046201,"remaining_time":2.12123716},
{"learn":[0.01623996779],"iteration":831,"passed_time":10.43704326,"remaining_time":2.107479889},
{"learn":[0.01620501188],"iteration":832,"passed_time":10.4429781,"remaining_time":2.093610256},
{"learn":[0.01616557114],"iteration":833,"passed_time":10.44919482,"remaining_time":2.079815756},
{"learn":[0.01614185042],"iteration":834,"passed_time":10.45506078,"remaining_time":2.065970094},
{"learn":[0.0161115014],"iteration":835,"passed_time":10.46102766,"remaining_time":2.052163321},
{"learn":[0.01607929946],"iteration":836,"passed_time":10.46847111,"remaining_time":2.038662832},
{"learn":[0.01603718325],"iteration":837,"passed_time":10.47559263,"remaining_time":2.025114567},
{"learn":[0.01601626972],"iteration":838,"passed_time":10.4821854,"remaining_time":2.011480153},
{"learn":[0.01599487438],"iteration":839,"passed_time":10.48925369,"remaining_time":1.997953083},
{"learn":[0.01597872876],"iteration":840,"passed_time":10.49639716,"remaining_time":1.984455587},
{"learn":[0.01594444833],"iteration":841,"passed_time":10.50203231,"remaining_time":1.970690149},
{"learn":[0.0159130542],"iteration":842,"passed_time":10.50872488,"remaining_time":1.957140933},
{"learn":[0.0158695308],"iteration":843,"passed_time":10.5158802,"remaining_time":1.943693497},
{"learn":[0.01583996708],"iteration":844,"passed_time":10.52234358,"remaining_time":1.930134029},
{"learn":[0.01583276125],"iteration":845,"passed_time":10.52937151,"remaining_time":1.916694105},
{"learn":[0.01579316454],"iteration":846,"passed_time":10.53509853,"remaining_time":1.903034327},
{"learn":[0.01578384451],"iteration":847,"passed_time":10.54277326,"remaining_time":1.889742377},
{"learn":[0.01575663131],"iteration":848,"passed_time":10.55026122,"remaining_time":1.876430441},
{"learn":[0.01569822412],"iteration":849,"passed_time":10.55577655,"remaining_time":1.862784098},
{"learn":[0.01566550156],"iteration":850,"passed_time":10.56252751,"remaining_time":1.849373206},
{"learn":[0.01563229158],"iteration":851,"passed_time":10.56867477,"remaining_time":1.835873082},
{"learn":[0.01560175977],"iteration":852,"passed_time":10.57596769,"remaining_time":1.822587632},
{"learn":[0.01558950469],"iteration":853,"passed_time":10.58209883,"remaining_time":1.809117599},
{"learn":[0.01555651101],"iteration":854,"passed_time":10.58838712,"remaining_time":1.795691382},
{"learn":[0.01551258133],"iteration":855,"passed_time":10.59706531,"remaining_time":1.782683884},
{"learn":[0.01548749645],"iteration":856,"passed_time":10.60342654,"remaining_time":1.769299877},
{"learn":[0.01546164329],"iteration":857,"passed_time":10.60980736,"remaining_time":1.755935483},
{"learn":[0.01544698519],"iteration":858,"passed_time":10.61739048,"remaining_time":1.742784701},
{"learn":[0.01540376335],"iteration":859,"passed_time":10.62284422,"remaining_time":1.729300222},
{"learn":[0.01536940001],"iteration":860,"passed_time":10.62983944,"remaining_time":1.716083255},
{"learn":[0.01531169276],"iteration":861,"passed_time":10.63750315,"remaining_time":1.702987743},
{"learn":[0.01528554258],"iteration":862,"passed_time":10.64346559,"remaining_time":1.689634746},
{"learn":[0.01526668693],"iteration":863,"passed_time":10.64956467,"remaining_time":1.676320365},
{"learn":[0.01525939117],"iteration":864,"passed_time":10.65759941,"remaining_time":1.663324763},
{"learn":[0.01525410284],"iteration":865,"passed_time":10.66377325,"remaining_time":1.650052674},
{"learn":[0.01524231951],"iteration":866,"passed_time":10.66938158,"remaining_time":1.636710208},
{"learn":[0.0152286541],"iteration":867,"passed_time":10.67604599,"remaining_time":1.623546165},
{"learn":[0.01520012308],"iteration":868,"passed_time":10.68165676,"remaining_time":1.610238246},
{"learn":[0.01519538666],"iteration":869,"passed_time":10.68748567,"remaining_time":1.596980617},
{"learn":[0.01518569695],"iteration":870,"passed_time":10.69310206,"remaining_time":1.583708572},
{"learn":[0.01516196456],"iteration":871,"passed_time":10.69985951,"remaining_time":1.57062158},
{"learn":[0.01512974442],"iteration":872,"passed_time":10.70704944,"remaining_time":1.557612003},
{"learn":[0.0151131613],"iteration":873,"passed_time":10.71347037,"remaining_time":1.544504882},
{"learn":[0.01507907523],"iteration":874,"passed_time":10.71923739,"remaining_time":1.531319627},
{"learn":[0.01505615913],"iteration":875,"passed_time":10.72616082,"remaining_time":1.518315002},
{"learn":[0.01501819491],"iteration":876,"passed_time":10.73363259,"remaining_time":1.50540115},
{"learn":[0.01498819203],"iteration":877,"passed_time":10.73960459,"remaining_time":1.492291298},
{"learn":[0.01496245912],"iteration":878,"passed_time":10.7464089,"remaining_time":1.479312261},
{"learn":[0.01495947225],"iteration":879,"passed_time":10.75220637,"remaining_time":1.46620996},
{"learn":[0.01493498948],"iteration":880,"passed_time":10.75901234,"remaining_time":1.453260463},
{"learn":[0.01492835283],"iteration":881,"passed_time":10.76536309,"remaining_time":1.440263997},
{"learn":[0.01488493341],"iteration":882,"passed_time":10.77224307,"remaining_time":1.427352706},
{"learn":[0.01485991657],"iteration":883,"passed_time":10.77884413,"remaining_time":1.414418461},
{"learn":[0.01483460339],"iteration":884,"passed_time":10.78396172,"remaining_time":1.40130576},
{"learn":[0.01482050501],"iteration":885,"passed_time":10.79076178,"remaining_time":1.388427588},
{"learn":[0.01476900318],"iteration":886,"passed_time":10.79692275,"remaining_time":1.375481704},
{"learn":[0.01474987051],"iteration":887,"passed_time":10.80341947,"remaining_time":1.362593446},
{"learn":[0.01468729771],"iteration":888,"passed_time":10.80954952,"remaining_time":1.349673787},
{"learn":[0.01465334551],"iteration":889,"passed_time":10.81527954,"remaining_time":1.336719943},
{"learn":[0.01462986553],"iteration":890,"passed_time":10.82188226,"remaining_time":1.323889075},
{"learn":[0.01461467801],"iteration":891,"passed_time":10.82838332,"remaining_time":1.311059863},
{"learn":[0.01457927959],"iteration":892,"passed_time":10.8335824,"remaining_time":1.298088821},
{"learn":[0.01456463371],"iteration":893,"passed_time":10.84152546,"remaining_time":1.285460514},
{"learn":[0.01454629496],"iteration":894,"passed_time":10.84651799,"remaining_time":1.272496524},
{"learn":[0.01451734961],"iteration":895,"passed_time":10.85391431,"remaining_time":1.259829339},
{"learn":[0.01450136045],"iteration":896,"passed_time":10.86080672,"remaining_time":1.247116045},
{"learn":[0.01449496523],"iteration":897,"passed_time":10.8667853,"remaining_time":1.234311916},
{"learn":[0.01445290612],"iteration":898,"passed_time":10.87291758,"remaining_time":1.22154024},
{"learn":[0.01441030585],"iteration":899,"passed_time":10.8789905,"remaining_time":1.208776723},
{"learn":[0.01440413649],"iteration":900,"passed_time":10.88593175,"remaining_time":1.196123467},
{"learn":[0.01438355448],"iteration":901,"passed_time":10.8947491,"remaining_time":1.18368671},
{"learn":[0.01438197683],"iteration":902,"passed_time":10.90108136,"remaining_time":1.17099102},
{"learn":[0.01433965663],"iteration":903,"passed_time":10.90761412,"remaining_time":1.158330703},
{"learn":[0.01433423201],"iteration":904,"passed_time":10.91463833,"remaining_time":1.145735516},
{"learn":[0.01432275192],"iteration":905,"passed_time":10.91851123,"remaining_time":1.132825668},
{"learn":[0.01429123835],"iteration":906,"passed_time":10.92238744,"remaining_time":1.119936088},
{"learn":[0.01425870474],"iteration":907,"passed_time":10.92620665,"remaining_time":1.107060586},
{"learn":[0.01424278847],"iteration":908,"passed_time":10.92997496,"remaining_time":1.094199913},
{"learn":[0.01422192874],"iteration":909,"passed_time":10.93374737,"remaining_time":1.08135963},
{"learn":[0.01421699791],"iteration":910,"passed_time":10.93740966,"remaining_time":1.068528495},
{"learn":[0.01421238502],"iteration":911,"passed_time":10.94129585,"remaining_time":1.055739073},
{"learn":[0.01419982536],"iteration":912,"passed_time":10.94562964,"remaining_time":1.043011806},
{"learn":[0.01416290259],"iteration":913,"passed_time":10.94950573,"remaining_time":1.030259839},
{"learn":[0.01413804304],"iteration":914,"passed_time":10.95318636,"remaining_time":1.017509115},
{"learn":[0.01412118452],"iteration":915,"passed_time":10.95800475,"remaining_time":1.004882531},
{"learn":[0.01408295099],"iteration":916,"passed_time":10.96159939,"remaining_time":0.9921622127},
{"learn":[0.01407467275],"iteration":917,"passed_time":10.96548811,"remaining_time":0.9794880451},
{"learn":[0.0140587315],"iteration":918,"passed_time":10.96929818,"remaining_time":0.9668260635},
{"learn":[0.01404579912],"iteration":919,"passed_time":10.97303094,"remaining_time":0.9541766038},
{"learn":[0.01401878581],"iteration":920,"passed_time":10.97672425,"remaining_time":0.9415431226},
{"learn":[0.01399238525],"iteration":921,"passed_time":10.9804761,"remaining_time":0.9289339865},
{"learn":[0.01396072759],"iteration":922,"passed_time":10.98408536,"remaining_time":0.9163321478},
{"learn":[0.0139285032],"iteration":923,"passed_time":10.98766197,"remaining_time":0.9037470883},
{"learn":[0.01389860512],"iteration":924,"passed_time":10.99142933,"remaining_time":0.8911969727},
{"learn":[0.01386782215],"iteration":925,"passed_time":10.99518427,"remaining_time":0.8786648338},
{"learn":[0.01383928786],"iteration":926,"passed_time":10.99878346,"remaining_time":0.8661393664},
{"learn":[0.01382579118],"iteration":927,"passed_time":11.00245695,"remaining_time":0.8536389012},
{"learn":[0.01380545579],"iteration":928,"passed_time":11.0061153,"remaining_time":0.8411562823},
{"learn":[0.01378422083],"iteration":929,"passed_time":11.00982153,"remaining_time":0.8286962439},
{"learn":[0.01377121172],"iteration":930,"passed_time":11.01348918,"remaining_time":0.8162521521},
{"learn":[0.01373926519],"iteration":931,"passed_time":11.01711338,"remaining_time":0.8038237233},
{"learn":[0.0137198944],"iteration":932,"passed_time":11.02080881,"remaining_time":0.791419282},
{"learn":[0.01369314549],"iteration":933,"passed_time":11.02448313,"remaining_time":0.7790319983},
{"learn":[0.01366268273],"iteration":934,"passed_time":11.0282762,"remaining_time":0.7666716076},
{"learn":[0.01364906112],"iteration":935,"passed_time":11.03195789,"remaining_time":0.7543219071},
{"learn":[0.01362412288],"iteration":936,"passed_time":11.03559149,"remaining_time":0.7419874747},
{"learn":[0.0135807558],"iteration":937,"passed_time":11.03925571,"remaining_time":0.7296736185},
{"learn":[0.01357605142],"iteration":938,"passed_time":11.04282647,"remaining_time":0.7173721136},
{"learn":[0.01357042503],"iteration":939,"passed_time":11.04648471,"remaining_time":0.7050947687},
{"learn":[0.01356240979],"iteration":940,"passed_time":11.05023086,"remaining_time":0.6928412548},
{"learn":[0.01353275618],"iteration":941,"passed_time":11.05393273,"remaining_time":0.6806030767},
{"learn":[0.01352016362],"iteration":942,"passed_time":11.05754874,"remaining_time":0.6683778133},
{"learn":[0.01349192594],"iteration":943,"passed_time":11.06132687,"remaining_time":0.6561804076},
{"learn":[0.01348007076],"iteration":944,"passed_time":11.06500913,"remaining_time":0.6439952405},
{"learn":[0.01347675849],"iteration":945,"passed_time":11.06872355,"remaining_time":0.6318298854},
{"learn":[0.01343773416],"iteration":946,"passed_time":11.07242669,"remaining_time":0.6196817472},
{"learn":[0.01343141362],"iteration":947,"passed_time":11.07610525,"remaining_time":0.6075500768},
{"learn":[0.01341096887],"iteration":948,"passed_time":11.07978722,"remaining_time":0.5954364047},
{"learn":[0.01340328485],"iteration":949,"passed_time":11.08362585,"remaining_time":0.5833487292},
{"learn":[0.01338480583],"iteration":950,"passed_time":11.08730392,"remaining_time":0.5712701285},
{"learn":[0.01336638632],"iteration":951,"passed_time":11.09100856,"remaining_time":0.5592105157},
{"learn":[0.01334389857],"iteration":952,"passed_time":11.09471307,"remaining_time":0.5471684304},
{"learn":[0.01333232947],"iteration":953,"passed_time":11.09839425,"remaining_time":0.5351426996},
{"learn":[0.01332168932],"iteration":954,"passed_time":11.10217861,"remaining_time":0.5231393063},
{"learn":[0.01331621169],"iteration":955,"passed_time":11.10588715,"remaining_time":0.5111496178},
{"learn":[0.01329986061],"iteration":956,"passed_time":11.10955365,"remaining_time":0.4991753468},
{"learn":[0.01327752247],"iteration":957,"passed_time":11.11328514,"remaining_time":0.4872212691},
{"learn":[0.01325921704],"iteration":958,"passed_time":11.11697717,"remaining_time":0.4752826526},
{"learn":[0.01323187523],"iteration":959,"passed_time":11.1206437,"remaining_time":0.4633601541},
{"learn":[0.01321910928],"iteration":960,"passed_time":11.12436359,"remaining_time":0.451457003},
{"learn":[0.01321306986],"iteration":961,"passed_time":11.12794657,"remaining_time":0.4395654568},
{"learn":[0.01317771962],"iteration":962,"passed_time":11.13156126,"remaining_time":0.4276923847},
{"learn":[0.01315478362],"iteration":963,"passed_time":11.1352347,"remaining_time":0.4158386403},
{"learn":[0.01313627849],"iteration":964,"passed_time":11.13880836,"remaining_time":0.4039982305},
{"learn":[0.01312992745],"iteration":965,"passed_time":11.14253407,"remaining_time":0.3921802883},
{"learn":[0.01312769792],"iteration":966,"passed_time":11.14607696,"remaining_time":0.3803728436},
{"learn":[0.01312485024],"iteration":967,"passed_time":11.1495929,"remaining_time":0.3685815834},
{"learn":[0.01310977512],"iteration":968,"passed_time":11.15325123,"remaining_time":0.3568119589},
{"learn":[0.01310792131],"iteration":969,"passed_time":11.15678905,"remaining_time":0.3450553314},
{"learn":[0.01308486725],"iteration":970,"passed_time":11.160461,"remaining_time":0.3333196384},
{"learn":[0.01304538034],"iteration":971,"passed_time":11.16416593,"remaining_time":0.3216014877},
{"learn":[0.01304130884],"iteration":972,"passed_time":11.16780484,"remaining_time":0.3098979761},
{"learn":[0.01302488606],"iteration":973,"passed_time":11.17151165,"remaining_time":0.2982128366},
{"learn":[0.01299667517],"iteration":974,"passed_time":11.17514282,"remaining_time":0.2865421237},
{"learn":[0.01297681531],"iteration":975,"passed_time":11.17876973,"remaining_time":0.2748877802},
{"learn":[0.01294379654],"iteration":976,"passed_time":11.18238338,"remaining_time":0.2632495575},
{"learn":[0.01290475473],"iteration":977,"passed_time":11.18613452,"remaining_time":0.2516308379},
{"learn":[0.01289082565],"iteration":978,"passed_time":11.18977754,"remaining_time":0.2400258717},
{"learn":[0.01287123442],"iteration":979,"passed_time":11.19349297,"remaining_time":0.228438632},
{"learn":[0.01284816088],"iteration":980,"passed_time":11.19719932,"remaining_time":0.2168672651},
{"learn":[0.01282143099],"iteration":981,"passed_time":11.20080853,"remaining_time":0.205310136},
{"learn":[0.01279760244],"iteration":982,"passed_time":11.20440479,"remaining_time":0.1937689536},
{"learn":[0.01279435046],"iteration":983,"passed_time":11.20809309,"remaining_time":0.1822454161},
{"learn":[0.01276736793],"iteration":984,"passed_time":11.21179282,"remaining_time":0.1707379617},
{"learn":[0.01273962923],"iteration":985,"passed_time":11.21543467,"remaining_time":0.1592455226},
{"learn":[0.01270920537],"iteration":986,"passed_time":11.21912714,"remaining_time":0.1477696584},
{"learn":[0.01268678491],"iteration":987,"passed_time":11.22275781,"remaining_time":0.1363087993},
{"learn":[0.01266200156],"iteration":988,"passed_time":11.22644111,"remaining_time":0.1248643602},
{"learn":[0.01265134693],"iteration":989,"passed_time":11.23006226,"remaining_time":0.1134349723},
{"learn":[0.01263169923],"iteration":990,"passed_time":11.23363245,"remaining_time":0.1020208799},
{"learn":[0.01262643267],"iteration":991,"passed_time":11.23728812,"remaining_time":0.09062329129},
{"learn":[0.01261908165],"iteration":992,"passed_time":11.24112465,"remaining_time":0.07924257057},
{"learn":[0.01258587617],"iteration":993,"passed_time":11.24493463,"remaining_time":0.06787686897},
{"learn":[0.01257826458],"iteration":994,"passed_time":11.24858646,"remaining_time":0.05652556009},
{"learn":[0.01256419025],"iteration":995,"passed_time":11.25228868,"remaining_time":0.04518991438},
{"learn":[0.01254551684],"iteration":996,"passed_time":11.25602446,"remaining_time":0.03386968243},
{"learn":[0.01252407381],"iteration":997,"passed_time":11.25974119,"remaining_time":0.0225646116},
{"learn":[0.01250299815],"iteration":998,"passed_time":11.26354579,"remaining_time":0.01127482061},
{"learn":[0.01248460122],"iteration":999,"passed_time":11.26721047,"remaining_time":0}
]}